No,Fixture,Home,Away,Event,Sub Event,Player,Player Id,Sub Player,Sub Player Id,Agent,time,Team,Narration,Moment,Minute,Second,Action,Quater,
1,8979,Muranga Seal,Ulinzi Stars,Throw in,Normal,Francis Gethio,19423,,,Michael William,9/21/2025,Muranga Seal,Throw in For Muranga Seal,firsthalf,0,16,,1-15,   
2,8979,Muranga Seal,Ulinzi Stars,Pass,,Lucas Maina,9667,,,Michael William,9/21/2025,Muranga Seal,Pass For Muranga Seal,firsthalf,0,19,,1-15,   
3,8979,Muranga Seal,Ulinzi Stars,Pass,,Michael Owen,5525,,,Michael William,9/21/2025,Muranga Seal,Pass For Muranga Seal,firsthalf,0,21,,1-15,   
4,8979,Muranga Seal,Ulinzi Stars,Pass,,Dennis Munyovu,5530,,,Michael William,9/21/2025,Muranga Seal,Pass For Muranga Seal,firsthalf,0,36,,1-15,   
5,8979,Muranga Seal,Ulinzi Stars,Pass,,Victor Haki,11373,,,Michael William,9/21/2025,Muranga Seal,Pass For Muranga Seal,firsthalf,0,38,,1-15,   
6,8979,Muranga Seal,Ulinzi Stars,Ball,Opp lost,Victor Haki,11373,,,Michael William,9/21/2025,Muranga Seal,Ball For Muranga Seal,firsthalf,0,43,,1-15,   
7,8979,Muranga Seal,Ulinzi Stars,Ball,Opp lost,Francis Gethio,19423,,,Michael William,9/21/2025,Muranga Seal,Ball For Muranga Seal,firsthalf,0,49,,1-15,   
8,8979,Muranga Seal,Ulinzi Stars,Throw in,Normal,Lucas Maina,9667,,,Michael William,9/21/2025,Muranga Seal,Throw in For Muranga Seal,firsthalf,1,26,,1-15,   
9,8979,Muranga Seal,Ulinzi Stars,Throw in,Normal,Francis Gethio,19423,,,Michael William,9/21/2025,Muranga Seal,Throw in For Muranga Seal,firsthalf,1,44,,1-15,   
10,8979,Muranga Seal,Ulinzi Stars,Ball,Opp lost,Francis Gethio,19423,,,Michael William,9/21/2025,Muranga Seal,Ball For Muranga Seal,firsthalf,1,47,,1-15,   
11,8979,Muranga Seal,Ulinzi Stars,Blocks,Cross,Joseph Omulama,15612,,,Michael William,9/21/2025,Muranga Seal,Blocks For Muranga Seal,firsthalf,2,7,,1-15,   
12,8979,Muranga Seal,Ulinzi Stars,Long GK,Complete,Mustapha Oduor,19422,,,Michael William,9/21/2025,Muranga Seal,Long GK For Muranga Seal,firsthalf,2,37,,1-15,   
13,8979,Muranga Seal,Ulinzi Stars,Pass,,Joseph Irungu Waithera,5527,,,Michael William,9/21/2025,Muranga Seal,Pass For Muranga Seal,firsthalf,2,42,,1-15,   
14,8979,Muranga Seal,Ulinzi Stars,Ball,Opp lost,Lucas Maina,9667,,,Michael William,9/21/2025,Muranga Seal,Ball For Muranga Seal,firsthalf,2,44,,1-15,   
15,8979,Muranga Seal,Ulinzi Stars,Pass,,Dennis Munyovu,5530,,,Michael William,9/21/2025,Muranga Seal,Pass For Muranga Seal,firsthalf,3,8,,1-15,   
16,8979,Muranga Seal,Ulinzi Stars,Pass,,Michael Owen,5525,,,Michael William,9/21/2025,Muranga Seal,Pass For Muranga Seal,firsthalf,3,10,,1-15,   
17,8979,Muranga Seal,Ulinzi Stars,Foul,Won 2/3,Lucas Maina,9667,,,Michael William,9/21/2025,Muranga Seal,Foul For Muranga Seal,firsthalf,3,19,,1-15,   
18,8979,Muranga Seal,Ulinzi Stars,Freekick,Taker 2/3,Dennis Munyovu,5530,,,Michael William,9/21/2025,Muranga Seal,Freekick For Muranga Seal,firsthalf,3,40,,1-15,   
19,8979,Muranga Seal,Ulinzi Stars,Foul,Committed,Joseph Irungu Waithera,5527,,,Michael William,9/21/2025,Muranga Seal,Foul For Muranga Seal,firsthalf,3,45,,1-15,   
20,8979,Muranga Seal,Ulinzi Stars,Pass,,Dennis Munyovu,5530,,,Michael William,9/21/2025,Muranga Seal,Pass For Muranga Seal,firsthalf,3,59,,1-15,   
21,8979,Muranga Seal,Ulinzi Stars,Incomplete Pass,,Joseph Omulama,15612,,,Michael William,9/21/2025,Muranga Seal,Incomplete Pass For Muranga Seal,firsthalf,4,2,,1-15,   
22,8979,Muranga Seal,Ulinzi Stars,Incomplete Pass,,Dennis Munyovu,5530,,,Michael William,9/21/2025,Muranga Seal,Incomplete Pass For Muranga Seal,firsthalf,4,8,,1-15,   
23,8979,Muranga Seal,Ulinzi Stars,Incomplete Pass,,Joseph Irungu Waithera,5527,,,Michael William,9/21/2025,Muranga Seal,Incomplete Pass For Muranga Seal,firsthalf,4,13,,1-15,   
24,8979,Muranga Seal,Ulinzi Stars,Incomplete Pass,,Jackson Imbiakha,19424,,,Michael William,9/21/2025,Muranga Seal,Incomplete Pass For Muranga Seal,firsthalf,4,17,,1-15,   
25,8979,Muranga Seal,Ulinzi Stars,Interceptions,Own half,Francis Gethio,19423,,,Michael William,9/21/2025,Muranga Seal,Interceptions For Muranga Seal,firsthalf,4,30,,1-15,   
26,8979,Muranga Seal,Ulinzi Stars,Pass,,Francis Gethio,19423,,,Michael William,9/21/2025,Muranga Seal,Pass For Muranga Seal,firsthalf,4,31,,1-15,   
27,8979,Muranga Seal,Ulinzi Stars,Pass,,Lucas Maina,9667,,,Michael William,9/21/2025,Muranga Seal,Pass For Muranga Seal,firsthalf,4,33,,1-15,   
28,8979,Muranga Seal,Ulinzi Stars,Foul,Won 2/3,Joseph Irungu Waithera,5527,,,Michael William,9/21/2025,Muranga Seal,Foul For Muranga Seal,firsthalf,4,39,,1-15,   
29,8979,Muranga Seal,Ulinzi Stars,Freekick,Taker 2/3,Francis Gethio,19423,,,Michael William,9/21/2025,Muranga Seal,Freekick For Muranga Seal,firsthalf,5,10,,1-15,   
30,8979,Muranga Seal,Ulinzi Stars,Ball,Opp lost,Francis Gethio,19423,,,Michael William,9/21/2025,Muranga Seal,Ball For Muranga Seal,firsthalf,5,15,,1-15,   
31,8979,Muranga Seal,Ulinzi Stars,Pass,,Lucas Maina,9667,,,Michael William,9/21/2025,Muranga Seal,Pass For Muranga Seal,firsthalf,5,28,,1-15,   
32,8979,Muranga Seal,Ulinzi Stars,Pass,,Francis Gethio,19423,,,Michael William,9/21/2025,Muranga Seal,Pass For Muranga Seal,firsthalf,5,30,,1-15,   
33,8979,Muranga Seal,Ulinzi Stars,Incomplete Pass,,Joseph Irungu Waithera,5527,,,Michael William,9/21/2025,Muranga Seal,Incomplete Pass For Muranga Seal,firsthalf,5,35,,1-15,   
34,8979,Muranga Seal,Ulinzi Stars,Incomplete Pass,,Victor Haki,11373,,,Michael William,9/21/2025,Muranga Seal,Incomplete Pass For Muranga Seal,firsthalf,5,39,,1-15,   
35,8979,Muranga Seal,Ulinzi Stars,Incomplete Pass,,Victor Haki,11373,,,Michael William,9/21/2025,Muranga Seal,Incomplete Pass For Muranga Seal,firsthalf,5,46,,1-15,   
36,8979,Muranga Seal,Ulinzi Stars,Clearances,,Robert Mudenyu,5546,,,Michael William,9/21/2025,Muranga Seal,Clearances For Muranga Seal,firsthalf,6,15,,1-15,   
37,8979,Muranga Seal,Ulinzi Stars,Claims,Punch,Mustapha Oduor,19422,,,Michael William,9/21/2025,Muranga Seal,Claims For Muranga Seal,firsthalf,7,1,,1-15,   
38,8979,Muranga Seal,Ulinzi Stars,Blocks,Shot,Joseph Omulama,15612,,,Michael William,9/21/2025,Muranga Seal,Blocks For Muranga Seal,firsthalf,7,6,,1-15,   
39,8979,Muranga Seal,Ulinzi Stars,Kick-outs,Incomplete,Mustapha Oduor,19422,,,Michael William,9/21/2025,Muranga Seal,Kick-outs For Muranga Seal,firsthalf,7,21,,1-15,   
40,8979,Muranga Seal,Ulinzi Stars,Throw in,Normal,Joseph Omulama,15612,,,Michael William,9/21/2025,Muranga Seal,Throw in For Muranga Seal,firsthalf,7,29,,1-15,   
41,8979,Muranga Seal,Ulinzi Stars,Pass,,Jackson Imbiakha,19424,,,Michael William,9/21/2025,Muranga Seal,Pass For Muranga Seal,firsthalf,7,32,,1-15,   
42,8979,Muranga Seal,Ulinzi Stars,Progress Pass,Complete,Joseph Omulama,15612,,,Michael William,9/21/2025,Muranga Seal,Progress Pass For Muranga Seal,firsthalf,7,40,,1-15,   
43,8979,Muranga Seal,Ulinzi Stars,Pass,,Victor Haki,11373,,,Michael William,9/21/2025,Muranga Seal,Pass For Muranga Seal,firsthalf,7,43,,1-15,   
44,8979,Muranga Seal,Ulinzi Stars,Incomplete Pass,,Joseph Omulama,15612,,,Michael William,9/21/2025,Muranga Seal,Incomplete Pass For Muranga Seal,firsthalf,7,45,,1-15,   
45,8979,Muranga Seal,Ulinzi Stars,Pass,,Dennis Munyovu,5530,,,Michael William,9/21/2025,Muranga Seal,Pass For Muranga Seal,firsthalf,7,48,,1-15,   
46,8979,Muranga Seal,Ulinzi Stars,Pass,,Francis Gethio,19423,,,Michael William,9/21/2025,Muranga Seal,Pass For Muranga Seal,firsthalf,7,50,,1-15,   
47,8979,Muranga Seal,Ulinzi Stars,Pass,,Michael Owen,5525,,,Michael William,9/21/2025,Muranga Seal,Pass For Muranga Seal,firsthalf,7,52,,1-15,   
48,8979,Muranga Seal,Ulinzi Stars,Pass,,Mustapha Oduor,19422,,,Michael William,9/21/2025,Muranga Seal,Pass For Muranga Seal,firsthalf,7,56,,1-15,   
49,8979,Muranga Seal,Ulinzi Stars,Progress Pass,Incomplete,Dennis Munyovu,5530,,,Michael William,9/21/2025,Muranga Seal,Progress Pass For Muranga Seal,firsthalf,8,6,,1-15,   
50,8979,Muranga Seal,Ulinzi Stars,Interceptions,Opp half,Dennis Munyovu,5530,,,Michael William,9/21/2025,Muranga Seal,Interceptions For Muranga Seal,firsthalf,8,13,,1-15,   
51,8979,Muranga Seal,Ulinzi Stars,Pass,,Dennis Munyovu,5530,,,Michael William,9/21/2025,Muranga Seal,Pass For Muranga Seal,firsthalf,8,13,,1-15,   
52,8979,Muranga Seal,Ulinzi Stars,Pass,,Joseph Omulama,15612,,,Michael William,9/21/2025,Muranga Seal,Pass For Muranga Seal,firsthalf,8,14,,1-15,   
53,8979,Muranga Seal,Ulinzi Stars,Pass,,Lucas Maina,9667,,,Michael William,9/21/2025,Muranga Seal,Pass For Muranga Seal,firsthalf,8,16,,1-15,   
54,8979,Muranga Seal,Ulinzi Stars,Pass,,Jackson Imbiakha,19424,,,Michael William,9/21/2025,Muranga Seal,Pass For Muranga Seal,firsthalf,8,19,,1-15,   
55,8979,Muranga Seal,Ulinzi Stars,Pass,,Dennis Munyovu,5530,,,Michael William,9/21/2025,Muranga Seal,Pass For Muranga Seal,firsthalf,8,21,,1-15,   
56,8979,Muranga Seal,Ulinzi Stars,Pass,,Robert Mudenyu,5546,,,Michael William,9/21/2025,Muranga Seal,Pass For Muranga Seal,firsthalf,8,22,,1-15,   
57,8979,Muranga Seal,Ulinzi Stars,Pass,,Michael Owen,5525,,,Michael William,9/21/2025,Muranga Seal,Pass For Muranga Seal,firsthalf,8,24,,1-15,   
58,8979,Muranga Seal,Ulinzi Stars,Pass,,Robert Mudenyu,5546,,,Michael William,9/21/2025,Muranga Seal,Pass For Muranga Seal,firsthalf,8,30,,1-15,   
59,8979,Muranga Seal,Ulinzi Stars,Pass,,Dennis Munyovu,5530,,,Michael William,9/21/2025,Muranga Seal,Pass For Muranga Seal,firsthalf,8,32,,1-15,   
60,8979,Muranga Seal,Ulinzi Stars,Pass,,Lucas Maina,9667,,,Michael William,9/21/2025,Muranga Seal,Pass For Muranga Seal,firsthalf,8,36,,1-15,   
61,8979,Muranga Seal,Ulinzi Stars,Pass,,Victor Haki,11373,,,Michael William,9/21/2025,Muranga Seal,Pass For Muranga Seal,firsthalf,8,36,,1-15,   
62,8979,Muranga Seal,Ulinzi Stars,Progress Pass,Incomplete,Lucas Maina,9667,,,Michael William,9/21/2025,Muranga Seal,Progress Pass For Muranga Seal,firsthalf,8,41,,1-15,   
63,8979,Muranga Seal,Ulinzi Stars,Clearances,,Dennis Munyovu,5530,,,Michael William,9/21/2025,Muranga Seal,Clearances For Muranga Seal,firsthalf,8,58,,1-15,   
64,8979,Muranga Seal,Ulinzi Stars,Ball,Own won,Jackson Imbiakha,19424,,,Michael William,9/21/2025,Muranga Seal,Ball For Muranga Seal,firsthalf,9,5,,1-15,   
65,8979,Muranga Seal,Ulinzi Stars,Pass,,Jackson Imbiakha,19424,,,Michael William,9/21/2025,Muranga Seal,Pass For Muranga Seal,firsthalf,9,5,,1-15,   
66,8979,Muranga Seal,Ulinzi Stars,Progress Pass,Complete,Lucas Maina,9667,,,Michael William,9/21/2025,Muranga Seal,Progress Pass For Muranga Seal,firsthalf,9,10,,1-15,   
67,8979,Muranga Seal,Ulinzi Stars,Pass,,Michael Macharia,11756,,,Michael William,9/21/2025,Muranga Seal,Pass For Muranga Seal,firsthalf,9,13,,1-15,   
68,8979,Muranga Seal,Ulinzi Stars,Pass,,Lucas Maina,9667,,,Michael William,9/21/2025,Muranga Seal,Pass For Muranga Seal,firsthalf,9,16,,1-15,   
69,8979,Muranga Seal,Ulinzi Stars,Pass,,Michael Macharia,11756,,,Michael William,9/21/2025,Muranga Seal,Pass For Muranga Seal,firsthalf,9,19,,1-15,   
70,8979,Muranga Seal,Ulinzi Stars,Pass,,Joseph Omulama,15612,,,Michael William,9/21/2025,Muranga Seal,Pass For Muranga Seal,firsthalf,9,30,,1-15,   
71,8979,Muranga Seal,Ulinzi Stars,Box Carry,,Victor Haki,11373,,,Michael William,9/21/2025,Muranga Seal,Box Carry For Muranga Seal,firsthalf,9,54,,1-15,   
72,8979,Muranga Seal,Ulinzi Stars,Box Touch,,Victor Haki,11373,,,Michael William,9/21/2025,Muranga Seal,Box Touch For Muranga Seal,firsthalf,9,54,,1-15,   
73,8979,Muranga Seal,Ulinzi Stars,Ball,Opp lost,Victor Haki,11373,,,Michael William,9/21/2025,Muranga Seal,Ball For Muranga Seal,firsthalf,9,58,,1-15,   
74,8979,Muranga Seal,Ulinzi Stars,Ball,Own lost,Francis Gethio,19423,,,Michael William,9/21/2025,Muranga Seal,Ball For Muranga Seal,firsthalf,10,9,,1-15,   
75,8979,Muranga Seal,Ulinzi Stars,Interceptions,Own half,Dennis Munyovu,5530,,,Michael William,9/21/2025,Muranga Seal,Interceptions For Muranga Seal,firsthalf,10,15,,1-15,   
76,8979,Muranga Seal,Ulinzi Stars,Pass,,Dennis Munyovu,5530,,,Michael William,9/21/2025,Muranga Seal,Pass For Muranga Seal,firsthalf,10,16,,1-15,   
77,8979,Muranga Seal,Ulinzi Stars,Incomplete Pass,,Francis Gethio,19423,,,Michael William,9/21/2025,Muranga Seal,Incomplete Pass For Muranga Seal,firsthalf,10,19,,1-15,   
78,8979,Muranga Seal,Ulinzi Stars,Pass,,Dennis Munyovu,5530,,,Michael William,9/21/2025,Muranga Seal,Pass For Muranga Seal,firsthalf,10,54,,1-15,   
79,8979,Muranga Seal,Ulinzi Stars,Progress Pass,Complete,Victor Haki,11373,,,Michael William,9/21/2025,Muranga Seal,Progress Pass For Muranga Seal,firsthalf,11,1,,1-15,   
80,8979,Muranga Seal,Ulinzi Stars,Foul,Won 1/3,Joseph Irungu Waithera,5527,,,Michael William,9/21/2025,Muranga Seal,Foul For Muranga Seal,firsthalf,11,9,,1-15,   
81,8979,Muranga Seal,Ulinzi Stars,Freekick,Taker 1/3,Francis Gethio,19423,,,Michael William,9/21/2025,Muranga Seal,Freekick For Muranga Seal,firsthalf,11,26,,1-15,   
82,8979,Muranga Seal,Ulinzi Stars,Blocks,Shot,Dennis Munyovu,5530,,,Michael William,9/21/2025,Muranga Seal,Blocks For Muranga Seal,firsthalf,12,27,,1-15,   
83,8979,Muranga Seal,Ulinzi Stars,Pass,,Joseph Omulama,15612,,,Michael William,9/21/2025,Muranga Seal,Pass For Muranga Seal,firsthalf,12,29,,1-15,   
84,8979,Muranga Seal,Ulinzi Stars,Pass,,Michael Owen,5525,,,Michael William,9/21/2025,Muranga Seal,Pass For Muranga Seal,firsthalf,12,31,,1-15,   
85,8979,Muranga Seal,Ulinzi Stars,Pass,,Lucas Maina,9667,,,Michael William,9/21/2025,Muranga Seal,Pass For Muranga Seal,firsthalf,12,39,,1-15,   
86,8979,Muranga Seal,Ulinzi Stars,Cross Right,Incomplete,Michael Macharia,11756,,,Michael William,9/21/2025,Muranga Seal,Cross Right For Muranga Seal,firsthalf,12,47,,1-15,   
87,8979,Muranga Seal,Ulinzi Stars,Pass,,Joseph Irungu Waithera,5527,,,Michael William,9/21/2025,Muranga Seal,Pass For Muranga Seal,firsthalf,12,52,,1-15,   
88,8979,Muranga Seal,Ulinzi Stars,Chance,Key Pass,Joseph Irungu Waithera,5527,,,Michael William,9/21/2025,Muranga Seal,Chance For Muranga Seal,firsthalf,12,57,,1-15,   
89,8979,Muranga Seal,Ulinzi Stars,Shot Out-box,Off Target,Lucas Maina,9667,,,Michael William,9/21/2025,Muranga Seal,Shot Out-box For Muranga Seal,firsthalf,13,2,,1-15,   
90,8979,Muranga Seal,Ulinzi Stars,Ball,Opp won,Lucas Maina,9667,,,Michael William,9/21/2025,Muranga Seal,Ball For Muranga Seal,firsthalf,13,30,,1-15,   
91,8979,Muranga Seal,Ulinzi Stars,Pass,,Lucas Maina,9667,,,Michael William,9/21/2025,Muranga Seal,Pass For Muranga Seal,firsthalf,13,31,,1-15,   
92,8979,Muranga Seal,Ulinzi Stars,Dribbles,Complete,Joseph Irungu Waithera,5527,,,Michael William,9/21/2025,Muranga Seal,Dribbles For Muranga Seal,firsthalf,13,39,,1-15,   
93,8979,Muranga Seal,Ulinzi Stars,Foul,Won 1/3,Joseph Irungu Waithera,5527,,,Michael William,9/21/2025,Muranga Seal,Foul For Muranga Seal,firsthalf,13,42,,1-15,   
94,8979,Muranga Seal,Ulinzi Stars,Freekick,Taker 1/3,Joseph Irungu Waithera,5527,,,Michael William,9/21/2025,Muranga Seal,Freekick For Muranga Seal,firsthalf,15,20,,1-15,   
95,8979,Muranga Seal,Ulinzi Stars,Shot Out-box,Off Target,Joseph Irungu Waithera,5527,,,Michael William,9/21/2025,Muranga Seal,Shot Out-box For Muranga Seal,firsthalf,15,24,,1-15,   
96,8979,Muranga Seal,Ulinzi Stars,Pass,,Dennis Munyovu,5530,,,Michael William,9/21/2025,Muranga Seal,Pass For Muranga Seal,firsthalf,15,37,,1-15,   
97,8979,Muranga Seal,Ulinzi Stars,Ball,Own lost,Joseph Omulama,15612,,,Michael William,9/21/2025,Muranga Seal,Ball For Muranga Seal,firsthalf,15,42,,1-15,   
98,8979,Muranga Seal,Ulinzi Stars,Incomplete Pass,,Mustapha Oduor,19422,,,Michael William,9/21/2025,Muranga Seal,Incomplete Pass For Muranga Seal,firsthalf,16,17,,16-30,   
99,8979,Muranga Seal,Ulinzi Stars,Clearances,,Dennis Munyovu,5530,,,Michael William,9/21/2025,Muranga Seal,Clearances For Muranga Seal,firsthalf,17,6,,16-30,   
100,8979,Muranga Seal,Ulinzi Stars,Foul,Won 2/3,Joseph Irungu Waithera,5527,,,Michael William,9/21/2025,Muranga Seal,Foul For Muranga Seal,firsthalf,17,24,,16-30,   
101,8979,Muranga Seal,Ulinzi Stars,Freekick,Taker 2/3,Robert Mudenyu,5546,,,Michael William,9/21/2025,Muranga Seal,Freekick For Muranga Seal,firsthalf,17,43,,16-30,   
102,8979,Muranga Seal,Ulinzi Stars,Pass,,Michael Owen,5525,,,Michael William,9/21/2025,Muranga Seal,Pass For Muranga Seal,firsthalf,17,45,,16-30,   
103,8979,Muranga Seal,Ulinzi Stars,Pass,,Dennis Munyovu,5530,,,Michael William,9/21/2025,Muranga Seal,Pass For Muranga Seal,firsthalf,17,47,,16-30,   
104,8979,Muranga Seal,Ulinzi Stars,Pass,,Robert Mudenyu,5546,,,Michael William,9/21/2025,Muranga Seal,Pass For Muranga Seal,firsthalf,17,50,,16-30,   
105,8979,Muranga Seal,Ulinzi Stars,Progress Pass,Complete,Dennis Munyovu,5530,,,Michael William,9/21/2025,Muranga Seal,Progress Pass For Muranga Seal,firsthalf,17,53,,16-30,   
106,8979,Muranga Seal,Ulinzi Stars,Pass,,Joseph Irungu Waithera,5527,,,Michael William,9/21/2025,Muranga Seal,Pass For Muranga Seal,firsthalf,17,57,,16-30,   
107,8979,Muranga Seal,Ulinzi Stars,Pass,,Michael Macharia,11756,,,Michael William,9/21/2025,Muranga Seal,Pass For Muranga Seal,firsthalf,17,58,,16-30,   
108,8979,Muranga Seal,Ulinzi Stars,Pass,,Francis Gethio,19423,,,Michael William,9/21/2025,Muranga Seal,Pass For Muranga Seal,firsthalf,18,0,,16-30,   
109,8979,Muranga Seal,Ulinzi Stars,Progress Pass,Complete,Robert Mudenyu,5546,,,Michael William,9/21/2025,Muranga Seal,Progress Pass For Muranga Seal,firsthalf,18,21,,16-30,   
110,8979,Muranga Seal,Ulinzi Stars,Cross Right,Incomplete,Joseph Omulama,15612,,,Michael William,9/21/2025,Muranga Seal,Cross Right For Muranga Seal,firsthalf,18,29,,16-30,   
111,8979,Muranga Seal,Ulinzi Stars,Save,Normal Save,Mustapha Oduor,19422,,,Michael William,9/21/2025,Muranga Seal,Save For Muranga Seal,firsthalf,19,16,,16-30,   
112,8979,Muranga Seal,Ulinzi Stars,Clearances,,Dennis Munyovu,5530,,,Michael William,9/21/2025,Muranga Seal,Clearances For Muranga Seal,firsthalf,19,21,,16-30,   
113,8979,Muranga Seal,Ulinzi Stars,Short GK,Complete,Mustapha Oduor,19422,,,Michael William,9/21/2025,Muranga Seal,Short GK For Muranga Seal,firsthalf,19,42,,16-30,   
114,8979,Muranga Seal,Ulinzi Stars,Ball,Own lost,Robert Mudenyu,5546,,,Michael William,9/21/2025,Muranga Seal,Ball For Muranga Seal,firsthalf,19,49,,16-30,   
115,8979,Muranga Seal,Ulinzi Stars,Pass,,Dennis Munyovu,5530,,,Michael William,9/21/2025,Muranga Seal,Pass For Muranga Seal,firsthalf,19,50,,16-30,   
116,8979,Muranga Seal,Ulinzi Stars,Pass,,Joseph Irungu Waithera,5527,,,Michael William,9/21/2025,Muranga Seal,Pass For Muranga Seal,firsthalf,19,54,,16-30,   
117,8979,Muranga Seal,Ulinzi Stars,Ball,Opp lost,Victor Haki,11373,,,Michael William,9/21/2025,Muranga Seal,Ball For Muranga Seal,firsthalf,20,3,,16-30,   
118,8979,Muranga Seal,Ulinzi Stars,Throw in,Normal,Joseph Omulama,15612,,,Michael William,9/21/2025,Muranga Seal,Throw in For Muranga Seal,firsthalf,20,26,,16-30,   
119,8979,Muranga Seal,Ulinzi Stars,Ball,Opp lost,Michael Macharia,11756,,,Michael William,9/21/2025,Muranga Seal,Ball For Muranga Seal,firsthalf,20,35,,16-30,   
120,8979,Muranga Seal,Ulinzi Stars,Incomplete Pass,,Robert Mudenyu,5546,,,Michael William,9/21/2025,Muranga Seal,Incomplete Pass For Muranga Seal,firsthalf,20,50,,16-30,   
121,8979,Muranga Seal,Ulinzi Stars,Claims,GK Catch,Mustapha Oduor,19422,,,Michael William,9/21/2025,Muranga Seal,Claims For Muranga Seal,firsthalf,20,59,,16-30,   
122,8979,Muranga Seal,Ulinzi Stars,Throw-out,Complete,Mustapha Oduor,19422,,,Michael William,9/21/2025,Muranga Seal,Throw-out For Muranga Seal,firsthalf,21,3,,16-30,   
123,8979,Muranga Seal,Ulinzi Stars,Pass,,Lucas Maina,9667,,,Michael William,9/21/2025,Muranga Seal,Pass For Muranga Seal,firsthalf,21,4,,16-30,   
124,8979,Muranga Seal,Ulinzi Stars,Incomplete Pass,,Jackson Imbiakha,19424,,,Michael William,9/21/2025,Muranga Seal,Incomplete Pass For Muranga Seal,firsthalf,21,10,,16-30,   
125,8979,Muranga Seal,Ulinzi Stars,Pass,,Joseph Omulama,15612,,,Michael William,9/21/2025,Muranga Seal,Pass For Muranga Seal,firsthalf,21,40,,16-30,   
126,8979,Muranga Seal,Ulinzi Stars,Progress Pass,Complete,Lucas Maina,9667,,,Michael William,9/21/2025,Muranga Seal,Progress Pass For Muranga Seal,firsthalf,21,54,,16-30,   
127,8979,Muranga Seal,Ulinzi Stars,Pass,,Joseph Irungu Waithera,5527,,,Michael William,9/21/2025,Muranga Seal,Pass For Muranga Seal,firsthalf,22,0,,16-30,   
128,8979,Muranga Seal,Ulinzi Stars,Foul,Won 2/3,Lucas Maina,9667,,,Michael William,9/21/2025,Muranga Seal,Foul For Muranga Seal,firsthalf,22,19,,16-30,   
129,8979,Muranga Seal,Ulinzi Stars,Freekick,Taker 2/3,Dennis Munyovu,5530,,,Michael William,9/21/2025,Muranga Seal,Freekick For Muranga Seal,firsthalf,22,58,,16-30,   
130,8979,Muranga Seal,Ulinzi Stars,Ball,Opp lost,Dennis Munyovu,5530,,,Michael William,9/21/2025,Muranga Seal,Ball For Muranga Seal,firsthalf,23,2,,16-30,   
131,8979,Muranga Seal,Ulinzi Stars,Short GK,Complete,Mustapha Oduor,19422,,,Michael William,9/21/2025,Muranga Seal,Short GK For Muranga Seal,firsthalf,23,35,,16-30,   
132,8979,Muranga Seal,Ulinzi Stars,Incomplete Pass,,Robert Mudenyu,5546,,,Michael William,9/21/2025,Muranga Seal,Incomplete Pass For Muranga Seal,firsthalf,23,39,,16-30,   
133,8979,Muranga Seal,Ulinzi Stars,Tackle,Won,Joseph Omulama,15612,,,Michael William,9/21/2025,Muranga Seal,Tackle For Muranga Seal,firsthalf,23,58,,16-30,   
134,8979,Muranga Seal,Ulinzi Stars,Clearances,,Joseph Omulama,15612,,,Michael William,9/21/2025,Muranga Seal,Clearances For Muranga Seal,firsthalf,24,1,,16-30,   
135,8979,Muranga Seal,Ulinzi Stars,Long GK,Complete,Mustapha Oduor,19422,,,Michael William,9/21/2025,Muranga Seal,Long GK For Muranga Seal,firsthalf,24,48,,16-30,   
136,8979,Muranga Seal,Ulinzi Stars,Pass,,Lucas Maina,9667,,,Michael William,9/21/2025,Muranga Seal,Pass For Muranga Seal,firsthalf,24,54,,16-30,   
137,8979,Muranga Seal,Ulinzi Stars,Pass,,Jackson Imbiakha,19424,,,Michael William,9/21/2025,Muranga Seal,Pass For Muranga Seal,firsthalf,25,0,,16-30,   
138,8979,Muranga Seal,Ulinzi Stars,Pass,,Francis Gethio,19423,,,Michael William,9/21/2025,Muranga Seal,Pass For Muranga Seal,firsthalf,25,2,,16-30,   
139,8979,Muranga Seal,Ulinzi Stars,Pass,,Jackson Imbiakha,19424,,,Michael William,9/21/2025,Muranga Seal,Pass For Muranga Seal,firsthalf,25,6,,16-30,   
140,8979,Muranga Seal,Ulinzi Stars,Pass,,Francis Gethio,19423,,,Michael William,9/21/2025,Muranga Seal,Pass For Muranga Seal,firsthalf,25,8,,16-30,   
141,8979,Muranga Seal,Ulinzi Stars,Pass,,Victor Haki,11373,,,Michael William,9/21/2025,Muranga Seal,Pass For Muranga Seal,firsthalf,25,9,,16-30,   
142,8979,Muranga Seal,Ulinzi Stars,Pass,,Lucas Maina,9667,,,Michael William,9/21/2025,Muranga Seal,Pass For Muranga Seal,firsthalf,25,12,,16-30,   
143,8979,Muranga Seal,Ulinzi Stars,Ball,Opp lost,Michael Macharia,11756,,,Michael William,9/21/2025,Muranga Seal,Ball For Muranga Seal,firsthalf,25,15,,16-30,   
144,8979,Muranga Seal,Ulinzi Stars,Run-outs,Successfully,Mustapha Oduor,19422,,,Michael William,9/21/2025,Muranga Seal,Run-outs For Muranga Seal,firsthalf,26,28,,16-30,   
145,8979,Muranga Seal,Ulinzi Stars,Pass,,Mustapha Oduor,19422,,,Michael William,9/21/2025,Muranga Seal,Pass For Muranga Seal,firsthalf,26,30,,16-30,   
146,8979,Muranga Seal,Ulinzi Stars,Pass,,Francis Gethio,19423,,,Michael William,9/21/2025,Muranga Seal,Pass For Muranga Seal,firsthalf,26,37,,16-30,   
147,8979,Muranga Seal,Ulinzi Stars,Ball,Opp lost,Victor Haki,11373,,,Michael William,9/21/2025,Muranga Seal,Ball For Muranga Seal,firsthalf,26,46,,16-30,   
148,8979,Muranga Seal,Ulinzi Stars,Throw in,Normal,Francis Gethio,19423,,,Michael William,9/21/2025,Muranga Seal,Throw in For Muranga Seal,firsthalf,27,3,,16-30,   
149,8979,Muranga Seal,Ulinzi Stars,Pass,,Michael Owen,5525,,,Michael William,9/21/2025,Muranga Seal,Pass For Muranga Seal,firsthalf,27,4,,16-30,   
150,8979,Muranga Seal,Ulinzi Stars,Ball,Own lost,Lucas Maina,9667,,,Michael William,9/21/2025,Muranga Seal,Ball For Muranga Seal,firsthalf,27,9,,16-30,   
151,8979,Muranga Seal,Ulinzi Stars,Foul,Committed,Lucas Maina,9667,,,Michael William,9/21/2025,Muranga Seal,Foul For Muranga Seal,firsthalf,27,14,,16-30,   
152,8979,Muranga Seal,Ulinzi Stars,Clearances,,Michael Macharia,11756,,,Michael William,9/21/2025,Muranga Seal,Clearances For Muranga Seal,firsthalf,28,8,,16-30,   
153,8979,Muranga Seal,Ulinzi Stars,Kick-outs,Incomplete,Mustapha Oduor,19422,,,Michael William,9/21/2025,Muranga Seal,Kick-outs For Muranga Seal,firsthalf,28,23,,16-30,   
154,8979,Muranga Seal,Ulinzi Stars,Corner,Outswinging,Lucas Maina,9667,,,Michael William,9/21/2025,Muranga Seal,Corner For Muranga Seal,firsthalf,29,1,,16-30,   
155,8979,Muranga Seal,Ulinzi Stars,Throw in,Normal,Francis Gethio,19423,,,Michael William,9/21/2025,Muranga Seal,Throw in For Muranga Seal,firsthalf,29,14,,16-30,   
156,8979,Muranga Seal,Ulinzi Stars,Pass,,Michael Macharia,11756,,,Michael William,9/21/2025,Muranga Seal,Pass For Muranga Seal,firsthalf,29,18,,16-30,   
157,8979,Muranga Seal,Ulinzi Stars,Cross Left,Incomplete,Francis Gethio,19423,,,Michael William,9/21/2025,Muranga Seal,Cross Left For Muranga Seal,firsthalf,29,25,,16-30,   
158,8979,Muranga Seal,Ulinzi Stars,Foul,Committed,Michael Macharia,11756,,,Michael William,9/21/2025,Muranga Seal,Foul For Muranga Seal,firsthalf,29,43,,16-30,   
159,8979,Muranga Seal,Ulinzi Stars,Pass,,Joseph Omulama,15612,,,Michael William,9/21/2025,Muranga Seal,Pass For Muranga Seal,firsthalf,30,2,,16-30,   
160,8979,Muranga Seal,Ulinzi Stars,Incomplete Pass,,Dennis Munyovu,5530,,,Michael William,9/21/2025,Muranga Seal,Incomplete Pass For Muranga Seal,firsthalf,30,9,,16-30,   
161,8979,Muranga Seal,Ulinzi Stars,Clearances,,Jackson Imbiakha,19424,,,Michael William,9/21/2025,Muranga Seal,Clearances For Muranga Seal,firsthalf,30,22,,16-30,   
162,8979,Muranga Seal,Ulinzi Stars,Blocks,Shot,Michael Owen,5525,,,Michael William,9/21/2025,Muranga Seal,Blocks For Muranga Seal,firsthalf,30,28,,16-30,   
163,8979,Muranga Seal,Ulinzi Stars,Clearances,,Michael Owen,5525,,,Michael William,9/21/2025,Muranga Seal,Clearances For Muranga Seal,firsthalf,30,32,,16-30,   
164,8979,Muranga Seal,Ulinzi Stars,Clearances,,Joseph Omulama,15612,,,Michael William,9/21/2025,Muranga Seal,Clearances For Muranga Seal,firsthalf,31,7,,31-45,   
165,8979,Muranga Seal,Ulinzi Stars,Clearances,,Joseph Omulama,15612,,,Michael William,9/21/2025,Muranga Seal,Clearances For Muranga Seal,firsthalf,31,15,,31-45,   
166,8979,Muranga Seal,Ulinzi Stars,Pass,,Joseph Omulama,15612,,,Michael William,9/21/2025,Muranga Seal,Pass For Muranga Seal,firsthalf,31,43,,31-45,   
167,8979,Muranga Seal,Ulinzi Stars,Pass,,Joseph Irungu Waithera,5527,,,Michael William,9/21/2025,Muranga Seal,Pass For Muranga Seal,firsthalf,31,44,,31-45,   
168,8979,Muranga Seal,Ulinzi Stars,Progress Pass,Complete,Dennis Munyovu,5530,,,Michael William,9/21/2025,Muranga Seal,Progress Pass For Muranga Seal,firsthalf,31,55,,31-45,   
169,8979,Muranga Seal,Ulinzi Stars,Box Carry,,Lucas Maina,9667,,,Michael William,9/21/2025,Muranga Seal,Box Carry For Muranga Seal,firsthalf,32,0,,31-45,   
170,8979,Muranga Seal,Ulinzi Stars,Box Touch,,Lucas Maina,9667,,,Michael William,9/21/2025,Muranga Seal,Box Touch For Muranga Seal,firsthalf,32,0,,31-45,   
171,8979,Muranga Seal,Ulinzi Stars,Box Touch,,Lucas Maina,9667,,,Michael William,9/21/2025,Muranga Seal,Box Touch For Muranga Seal,firsthalf,32,4,,31-45,   
172,8979,Muranga Seal,Ulinzi Stars,Chance,Key Pass,Lucas Maina,9667,,,Michael William,9/21/2025,Muranga Seal,Chance For Muranga Seal,firsthalf,32,8,,31-45,   
173,8979,Muranga Seal,Ulinzi Stars,Shot In-box,Blocked,Michael Macharia,11756,,,Michael William,9/21/2025,Muranga Seal,Shot In-box For Muranga Seal,firsthalf,32,13,,31-45,   
174,8979,Muranga Seal,Ulinzi Stars,Box Touch,,Michael Macharia,11756,,,Michael William,9/21/2025,Muranga Seal,Box Touch For Muranga Seal,firsthalf,32,13,,31-45,   
175,8979,Muranga Seal,Ulinzi Stars,Corner,Outswinging,Lucas Maina,9667,,,Michael William,9/21/2025,Muranga Seal,Corner For Muranga Seal,firsthalf,32,21,,31-45,   
176,8979,Muranga Seal,Ulinzi Stars,Ball,Opp lost,Dennis Munyovu,5530,,,Michael William,9/21/2025,Muranga Seal,Ball For Muranga Seal,firsthalf,32,30,,31-45,   
177,8979,Muranga Seal,Ulinzi Stars,Throw-out,Complete,Mustapha Oduor,19422,,,Michael William,9/21/2025,Muranga Seal,Throw-out For Muranga Seal,firsthalf,32,50,,31-45,   
178,8979,Muranga Seal,Ulinzi Stars,Progress Pass,Incomplete,Michael Macharia,11756,,,Michael William,9/21/2025,Muranga Seal,Progress Pass For Muranga Seal,firsthalf,32,56,,31-45,   
179,8979,Muranga Seal,Ulinzi Stars,Pass,,Dennis Munyovu,5530,,,Michael William,9/21/2025,Muranga Seal,Pass For Muranga Seal,firsthalf,33,19,,31-45,   
180,8979,Muranga Seal,Ulinzi Stars,Progress Pass,Incomplete,Joseph Omulama,15612,,,Michael William,9/21/2025,Muranga Seal,Progress Pass For Muranga Seal,firsthalf,33,29,,31-45,   
181,8979,Muranga Seal,Ulinzi Stars,Ball,Own lost,Jackson Imbiakha,19424,,,Michael William,9/21/2025,Muranga Seal,Ball For Muranga Seal,firsthalf,33,52,,31-45,   
182,8979,Muranga Seal,Ulinzi Stars,Tackle,Lost,Dennis Munyovu,5530,,,Michael William,9/21/2025,Muranga Seal,Tackle For Muranga Seal,firsthalf,34,20,,31-45,   
183,8979,Muranga Seal,Ulinzi Stars,Long GK,Incomplete,Mustapha Oduor,19422,,,Michael William,9/21/2025,Muranga Seal,Long GK For Muranga Seal,firsthalf,34,51,,31-45,   
184,8979,Muranga Seal,Ulinzi Stars,Aerial Duels,Won,Dennis Munyovu,5530,,,Michael William,9/21/2025,Muranga Seal,Aerial Duels For Muranga Seal,firsthalf,35,0,,31-45,   
185,8979,Muranga Seal,Ulinzi Stars,Pass,,Dennis Munyovu,5530,,,Michael William,9/21/2025,Muranga Seal,Pass For Muranga Seal,firsthalf,35,1,,31-45,   
186,8979,Muranga Seal,Ulinzi Stars,Pass,,Jackson Imbiakha,19424,,,Michael William,9/21/2025,Muranga Seal,Pass For Muranga Seal,firsthalf,35,2,,31-45,   
187,8979,Muranga Seal,Ulinzi Stars,Pass,,Joseph Omulama,15612,,,Michael William,9/21/2025,Muranga Seal,Pass For Muranga Seal,firsthalf,35,4,,31-45,   
188,8979,Muranga Seal,Ulinzi Stars,Incomplete Pass,,Mustapha Oduor,19422,,,Michael William,9/21/2025,Muranga Seal,Incomplete Pass For Muranga Seal,firsthalf,35,10,,31-45,   
189,8979,Muranga Seal,Ulinzi Stars,Pass,,Joseph Omulama,15612,,,Michael William,9/21/2025,Muranga Seal,Pass For Muranga Seal,firsthalf,35,29,,31-45,   
190,8979,Muranga Seal,Ulinzi Stars,Pass,,Dennis Munyovu,5530,,,Michael William,9/21/2025,Muranga Seal,Pass For Muranga Seal,firsthalf,35,32,,31-45,   
191,8979,Muranga Seal,Ulinzi Stars,Incomplete Pass,,Joseph Omulama,15612,,,Michael William,9/21/2025,Muranga Seal,Incomplete Pass For Muranga Seal,firsthalf,35,36,,31-45,   
192,8979,Muranga Seal,Ulinzi Stars,Incomplete Pass,,Jackson Imbiakha,19424,,,Michael William,9/21/2025,Muranga Seal,Incomplete Pass For Muranga Seal,firsthalf,35,43,,31-45,   
193,8979,Muranga Seal,Ulinzi Stars,Throw in,Normal,Francis Gethio,19423,,,Michael William,9/21/2025,Muranga Seal,Throw in For Muranga Seal,firsthalf,36,8,,31-45,   
194,8979,Muranga Seal,Ulinzi Stars,Incomplete Pass,,Michael Macharia,11756,,,Michael William,9/21/2025,Muranga Seal,Incomplete Pass For Muranga Seal,firsthalf,36,13,,31-45,   
195,8979,Muranga Seal,Ulinzi Stars,Pass,,Lucas Maina,9667,,,Michael William,9/21/2025,Muranga Seal,Pass For Muranga Seal,firsthalf,36,21,,31-45,   
196,8979,Muranga Seal,Ulinzi Stars,Incomplete Pass,,Joseph Irungu Waithera,5527,,,Michael William,9/21/2025,Muranga Seal,Incomplete Pass For Muranga Seal,firsthalf,36,23,,31-45,   
197,8979,Muranga Seal,Ulinzi Stars,Throw in,Normal,Joseph Omulama,15612,,,Michael William,9/21/2025,Muranga Seal,Throw in For Muranga Seal,firsthalf,36,56,,31-45,   
198,8979,Muranga Seal,Ulinzi Stars,Ball,Opp lost,Joseph Omulama,15612,,,Michael William,9/21/2025,Muranga Seal,Ball For Muranga Seal,firsthalf,36,59,,31-45,   
199,8979,Muranga Seal,Ulinzi Stars,Pass,,Joseph Omulama,15612,,,Michael William,9/21/2025,Muranga Seal,Pass For Muranga Seal,firsthalf,37,14,,31-45,   
200,8979,Muranga Seal,Ulinzi Stars,Incomplete Pass,,Jackson Imbiakha,19424,,,Michael William,9/21/2025,Muranga Seal,Incomplete Pass For Muranga Seal,firsthalf,37,17,,31-45,   
201,8979,Muranga Seal,Ulinzi Stars,Interceptions,Own half,Joseph Omulama,15612,,,Michael William,9/21/2025,Muranga Seal,Interceptions For Muranga Seal,firsthalf,37,39,,31-45,   
202,8979,Muranga Seal,Ulinzi Stars,Pass,,Joseph Omulama,15612,,,Michael William,9/21/2025,Muranga Seal,Pass For Muranga Seal,firsthalf,37,40,,31-45,   
203,8979,Muranga Seal,Ulinzi Stars,Pass,,Victor Haki,11373,,,Michael William,9/21/2025,Muranga Seal,Pass For Muranga Seal,firsthalf,37,41,,31-45,   
204,8979,Muranga Seal,Ulinzi Stars,Pass,,Michael Macharia,11756,,,Michael William,9/21/2025,Muranga Seal,Pass For Muranga Seal,firsthalf,37,42,,31-45,   
205,8979,Muranga Seal,Ulinzi Stars,Pass,,Michael Owen,5525,,,Michael William,9/21/2025,Muranga Seal,Pass For Muranga Seal,firsthalf,37,43,,31-45,   
206,8979,Muranga Seal,Ulinzi Stars,Progress Pass,Incomplete,Lucas Maina,9667,,,Michael William,9/21/2025,Muranga Seal,Progress Pass For Muranga Seal,firsthalf,37,46,,31-45,   
207,8979,Muranga Seal,Ulinzi Stars,Pass,,Robert Mudenyu,5546,,,Michael William,9/21/2025,Muranga Seal,Pass For Muranga Seal,firsthalf,37,59,,31-45,   
208,8979,Muranga Seal,Ulinzi Stars,Progress Pass,Incomplete,Dennis Munyovu,5530,,,Michael William,9/21/2025,Muranga Seal,Progress Pass For Muranga Seal,firsthalf,38,24,,31-45,   
209,8979,Muranga Seal,Ulinzi Stars,Incomplete Pass,,Dennis Munyovu,5530,,,Michael William,9/21/2025,Muranga Seal,Incomplete Pass For Muranga Seal,firsthalf,38,54,,31-45,   
210,8979,Muranga Seal,Ulinzi Stars,Clearances,,Dennis Munyovu,5530,,,Michael William,9/21/2025,Muranga Seal,Clearances For Muranga Seal,firsthalf,39,18,,31-45,   
211,8979,Muranga Seal,Ulinzi Stars,Clearances,,Jackson Imbiakha,19424,,,Michael William,9/21/2025,Muranga Seal,Clearances For Muranga Seal,firsthalf,39,39,,31-45,   
212,8979,Muranga Seal,Ulinzi Stars,Blocks,Shot,Robert Mudenyu,5546,,,Michael William,9/21/2025,Muranga Seal,Blocks For Muranga Seal,firsthalf,39,56,,31-45,   
213,8979,Muranga Seal,Ulinzi Stars,Long GK,Incomplete,Mustapha Oduor,19422,,,Michael William,9/21/2025,Muranga Seal,Long GK For Muranga Seal,firsthalf,40,33,,31-45,   
214,8979,Muranga Seal,Ulinzi Stars,Claims,Punch,Mustapha Oduor,19422,,,Michael William,9/21/2025,Muranga Seal,Claims For Muranga Seal,firsthalf,41,9,,31-45,   
215,8979,Muranga Seal,Ulinzi Stars,Pass,,Victor Haki,11373,,,Michael William,9/21/2025,Muranga Seal,Pass For Muranga Seal,firsthalf,41,31,,31-45,   
216,8979,Muranga Seal,Ulinzi Stars,Clearances,,Joseph Omulama,15612,,,Michael William,9/21/2025,Muranga Seal,Clearances For Muranga Seal,firsthalf,41,32,,31-45,   
217,8979,Muranga Seal,Ulinzi Stars,Pass,,Francis Gethio,19423,,,Michael William,9/21/2025,Muranga Seal,Pass For Muranga Seal,firsthalf,42,0,,31-45,   
218,8979,Muranga Seal,Ulinzi Stars,Ball,Opp lost,Lucas Maina,9667,,,Michael William,9/21/2025,Muranga Seal,Ball For Muranga Seal,firsthalf,42,4,,31-45,   
219,8979,Muranga Seal,Ulinzi Stars,Clearances,,Dennis Munyovu,5530,,,Michael William,9/21/2025,Muranga Seal,Clearances For Muranga Seal,firsthalf,42,27,,31-45,   
220,8979,Muranga Seal,Ulinzi Stars,Pass,,Michael Owen,5525,,,Michael William,9/21/2025,Muranga Seal,Pass For Muranga Seal,firsthalf,42,34,,31-45,   
221,8979,Muranga Seal,Ulinzi Stars,Pass,,Francis Gethio,19423,,,Michael William,9/21/2025,Muranga Seal,Pass For Muranga Seal,firsthalf,42,35,,31-45,   
222,8979,Muranga Seal,Ulinzi Stars,Pass,,Joseph Irungu Waithera,5527,,,Michael William,9/21/2025,Muranga Seal,Pass For Muranga Seal,firsthalf,42,37,,31-45,   
223,8979,Muranga Seal,Ulinzi Stars,Ball,Opp lost,Lucas Maina,9667,,,Michael William,9/21/2025,Muranga Seal,Ball For Muranga Seal,firsthalf,42,44,,31-45,   
224,8979,Muranga Seal,Ulinzi Stars,Ball,Opp won,Jackson Imbiakha,19424,,,Michael William,9/21/2025,Muranga Seal,Ball For Muranga Seal,firsthalf,42,56,,31-45,   
225,8979,Muranga Seal,Ulinzi Stars,Pass,,Jackson Imbiakha,19424,,,Michael William,9/21/2025,Muranga Seal,Pass For Muranga Seal,firsthalf,42,58,,31-45,   
226,8979,Muranga Seal,Ulinzi Stars,Pass,,Michael Macharia,11756,,,Michael William,9/21/2025,Muranga Seal,Pass For Muranga Seal,firsthalf,43,0,,31-45,   
227,8979,Muranga Seal,Ulinzi Stars,Incomplete Pass,,Joseph Irungu Waithera,5527,,,Michael William,9/21/2025,Muranga Seal,Incomplete Pass For Muranga Seal,firsthalf,43,2,,31-45,   
228,8979,Muranga Seal,Ulinzi Stars,Interceptions,Own half,Robert Mudenyu,5546,,,Michael William,9/21/2025,Muranga Seal,Interceptions For Muranga Seal,firsthalf,43,8,,31-45,   
229,8979,Muranga Seal,Ulinzi Stars,Pass,,Jackson Imbiakha,19424,,,Michael William,9/21/2025,Muranga Seal,Pass For Muranga Seal,firsthalf,43,9,,31-45,   
230,8979,Muranga Seal,Ulinzi Stars,Pass,,Michael Owen,5525,,,Michael William,9/21/2025,Muranga Seal,Pass For Muranga Seal,firsthalf,43,12,,31-45,   
231,8979,Muranga Seal,Ulinzi Stars,Incomplete Pass,,Jackson Imbiakha,19424,,,Michael William,9/21/2025,Muranga Seal,Incomplete Pass For Muranga Seal,firsthalf,43,13,,31-45,   
232,8979,Muranga Seal,Ulinzi Stars,Pass,,Jackson Imbiakha,19424,,,Michael William,9/21/2025,Muranga Seal,Pass For Muranga Seal,firsthalf,43,28,,31-45,   
233,8979,Muranga Seal,Ulinzi Stars,Pass,,Victor Haki,11373,,,Michael William,9/21/2025,Muranga Seal,Pass For Muranga Seal,firsthalf,43,32,,31-45,   
234,8979,Muranga Seal,Ulinzi Stars,Pass,,Joseph Irungu Waithera,5527,,,Michael William,9/21/2025,Muranga Seal,Pass For Muranga Seal,firsthalf,43,35,,31-45,   
235,8979,Muranga Seal,Ulinzi Stars,Incomplete Pass,,Michael Macharia,11756,,,Michael William,9/21/2025,Muranga Seal,Incomplete Pass For Muranga Seal,firsthalf,43,41,,31-45,   
236,8979,Muranga Seal,Ulinzi Stars,Pass,,Dennis Munyovu,5530,,,Michael William,9/21/2025,Muranga Seal,Pass For Muranga Seal,firsthalf,44,25,,31-45,   
237,8979,Muranga Seal,Ulinzi Stars,Pass,,Victor Haki,11373,,,Michael William,9/21/2025,Muranga Seal,Pass For Muranga Seal,firsthalf,44,31,,31-45,   
238,8979,Muranga Seal,Ulinzi Stars,Pass,,Lucas Maina,9667,,,Michael William,9/21/2025,Muranga Seal,Pass For Muranga Seal,firsthalf,44,32,,31-45,   
239,8979,Muranga Seal,Ulinzi Stars,Progress Pass,Incomplete,Michael Owen,5525,,,Michael William,9/21/2025,Muranga Seal,Progress Pass For Muranga Seal,firsthalf,44,34,,31-45,   
240,8979,Muranga Seal,Ulinzi Stars,Aerial Duels,Won,Dennis Munyovu,5530,,,Michael William,9/21/2025,Muranga Seal,Aerial Duels For Muranga Seal,firsthalf,45,2,,31-45,   
241,8979,Muranga Seal,Ulinzi Stars,Pass,,Dennis Munyovu,5530,,,Michael William,9/21/2025,Muranga Seal,Pass For Muranga Seal,firsthalf,45,5,,31-45,   
242,8979,Muranga Seal,Ulinzi Stars,Incomplete Pass,,Joseph Omulama,15612,,,Michael William,9/21/2025,Muranga Seal,Incomplete Pass For Muranga Seal,firsthalf,45,6,,31-45,   
243,8979,Muranga Seal,Ulinzi Stars,Pass,,Joseph Omulama,15612,,,Michael William,9/21/2025,Muranga Seal,Pass For Muranga Seal,firsthalf,45,9,,31-45,   
244,8979,Muranga Seal,Ulinzi Stars,Pass,,Dennis Munyovu,5530,,,Michael William,9/21/2025,Muranga Seal,Pass For Muranga Seal,firsthalf,45,10,,31-45,   
245,8979,Muranga Seal,Ulinzi Stars,Incomplete Pass,,Mustapha Oduor,19422,,,Michael William,9/21/2025,Muranga Seal,Incomplete Pass For Muranga Seal,firsthalf,45,17,,31-45,   
246,8979,Muranga Seal,Ulinzi Stars,Run-outs,Successfully,Mustapha Oduor,19422,,,Michael William,9/21/2025,Muranga Seal,Run-outs For Muranga Seal,firsthalf,45,29,,31-45,   
247,8979,Muranga Seal,Ulinzi Stars,Throw-out,Complete,Mustapha Oduor,19422,,,Michael William,9/21/2025,Muranga Seal,Throw-out For Muranga Seal,firsthalf,45,39,,31-45,   
248,8979,Muranga Seal,Ulinzi Stars,Progress Pass,Complete,Dennis Munyovu,5530,,,Michael William,9/21/2025,Muranga Seal,Progress Pass For Muranga Seal,firsthalf,45,58,,31-45,   
249,8979,Muranga Seal,Ulinzi Stars,Pass,,Joseph Irungu Waithera,5527,,,Michael William,9/21/2025,Muranga Seal,Pass For Muranga Seal,firsthalf,46,3,,31-45,   
250,8979,Muranga Seal,Ulinzi Stars,Ball,Opp lost,Lucas Maina,9667,,,Michael William,9/21/2025,Muranga Seal,Ball For Muranga Seal,firsthalf,46,6,,31-45,   
251,8979,Muranga Seal,Ulinzi Stars,Pass,,Lucas Maina,9667,,,Michael William,9/21/2025,Muranga Seal,Pass For Muranga Seal,secondhalf,45,14,,46-60,   
252,8979,Muranga Seal,Ulinzi Stars,Incomplete Pass,,Dennis Munyovu,5530,,,Michael William,9/21/2025,Muranga Seal,Incomplete Pass For Muranga Seal,secondhalf,45,19,,46-60,   
253,8979,Muranga Seal,Ulinzi Stars,Incomplete Pass,,Victor Haki,11373,,,Michael William,9/21/2025,Muranga Seal,Incomplete Pass For Muranga Seal,secondhalf,45,26,,46-60,   
254,8979,Muranga Seal,Ulinzi Stars,Kick-outs,Incomplete,Mustapha Oduor,19422,,,Michael William,9/21/2025,Muranga Seal,Kick-outs For Muranga Seal,secondhalf,45,43,,46-60,   
255,8979,Muranga Seal,Ulinzi Stars,Pass,,Michael Macharia,11756,,,Michael William,9/21/2025,Muranga Seal,Pass For Muranga Seal,secondhalf,45,46,,46-60,   
256,8979,Muranga Seal,Ulinzi Stars,Ball,Opp lost,Joseph Irungu Waithera,5527,,,Michael William,9/21/2025,Muranga Seal,Ball For Muranga Seal,secondhalf,45,51,,46-60,   
257,8979,Muranga Seal,Ulinzi Stars,Pass,,Lucas Maina,9667,,,Michael William,9/21/2025,Muranga Seal,Pass For Muranga Seal,secondhalf,45,57,,46-60,   
258,8979,Muranga Seal,Ulinzi Stars,Pass,,Francis Gethio,19423,,,Michael William,9/21/2025,Muranga Seal,Pass For Muranga Seal,secondhalf,45,58,,46-60,   
259,8979,Muranga Seal,Ulinzi Stars,Pass,,Jackson Imbiakha,19424,,,Michael William,9/21/2025,Muranga Seal,Pass For Muranga Seal,secondhalf,46,0,,46-60,   
260,8979,Muranga Seal,Ulinzi Stars,Pass,,Francis Gethio,19423,,,Michael William,9/21/2025,Muranga Seal,Pass For Muranga Seal,secondhalf,46,2,,46-60,   
261,8979,Muranga Seal,Ulinzi Stars,Pass,,Lucas Maina,9667,,,Michael William,9/21/2025,Muranga Seal,Pass For Muranga Seal,secondhalf,46,9,,46-60,   
262,8979,Muranga Seal,Ulinzi Stars,Pass,,Victor Haki,11373,,,Michael William,9/21/2025,Muranga Seal,Pass For Muranga Seal,secondhalf,46,11,,46-60,   
263,8979,Muranga Seal,Ulinzi Stars,Chance,Key Pass,Lucas Maina,9667,,,Michael William,9/21/2025,Muranga Seal,Chance For Muranga Seal,secondhalf,46,16,,46-60,   
264,8979,Muranga Seal,Ulinzi Stars,Shot In-box,Blocked,Joseph Irungu Waithera,5527,,,Michael William,9/21/2025,Muranga Seal,Shot In-box For Muranga Seal,secondhalf,46,20,,46-60,   
265,8979,Muranga Seal,Ulinzi Stars,Box Touch,,Joseph Irungu Waithera,5527,,,Michael William,9/21/2025,Muranga Seal,Box Touch For Muranga Seal,secondhalf,46,20,,46-60,   
266,8979,Muranga Seal,Ulinzi Stars,Pass,,Francis Gethio,19423,,,Michael William,9/21/2025,Muranga Seal,Pass For Muranga Seal,secondhalf,46,44,,46-60,   
267,8979,Muranga Seal,Ulinzi Stars,Pass,,Victor Haki,11373,,,Michael William,9/21/2025,Muranga Seal,Pass For Muranga Seal,secondhalf,46,46,,46-60,   
268,8979,Muranga Seal,Ulinzi Stars,Pass,,Robert Mudenyu,5546,,,Michael William,9/21/2025,Muranga Seal,Pass For Muranga Seal,secondhalf,46,50,,46-60,   
269,8979,Muranga Seal,Ulinzi Stars,Pass,,Mustapha Oduor,19422,,,Michael William,9/21/2025,Muranga Seal,Pass For Muranga Seal,secondhalf,46,54,,46-60,   
270,8979,Muranga Seal,Ulinzi Stars,Pass,,Dennis Munyovu,5530,,,Michael William,9/21/2025,Muranga Seal,Pass For Muranga Seal,secondhalf,46,56,,46-60,   
271,8979,Muranga Seal,Ulinzi Stars,Pass,,Joseph Irungu Waithera,5527,,,Michael William,9/21/2025,Muranga Seal,Pass For Muranga Seal,secondhalf,47,0,,46-60,   
272,8979,Muranga Seal,Ulinzi Stars,Foul,Won 2/3,Joseph Omulama,15612,,,Michael William,9/21/2025,Muranga Seal,Foul For Muranga Seal,secondhalf,47,6,,46-60,   
273,8979,Muranga Seal,Ulinzi Stars,Freekick,Taker 2/3,Lucas Maina,9667,,,Michael William,9/21/2025,Muranga Seal,Freekick For Muranga Seal,secondhalf,47,9,,46-60,   
274,8979,Muranga Seal,Ulinzi Stars,Pass,,Joseph Irungu Waithera,5527,,,Michael William,9/21/2025,Muranga Seal,Pass For Muranga Seal,secondhalf,47,11,,46-60,   
275,8979,Muranga Seal,Ulinzi Stars,Progress Pass,Complete,Lucas Maina,9667,,,Michael William,9/21/2025,Muranga Seal,Progress Pass For Muranga Seal,secondhalf,47,15,,46-60,   
276,8979,Muranga Seal,Ulinzi Stars,Ball,Opp lost,Michael Macharia,11756,,,Michael William,9/21/2025,Muranga Seal,Ball For Muranga Seal,secondhalf,47,17,,46-60,   
277,8979,Muranga Seal,Ulinzi Stars,Foul,Committed,Michael Macharia,11756,,,Michael William,9/21/2025,Muranga Seal,Foul For Muranga Seal,secondhalf,47,20,,46-60,   
278,8979,Muranga Seal,Ulinzi Stars,Clearances,,Francis Gethio,19423,,,Michael William,9/21/2025,Muranga Seal,Clearances For Muranga Seal,secondhalf,47,40,,46-60,   
279,8979,Muranga Seal,Ulinzi Stars,Short GK,Complete,Mustapha Oduor,19422,,,Michael William,9/21/2025,Muranga Seal,Short GK For Muranga Seal,secondhalf,48,5,,46-60,   
280,8979,Muranga Seal,Ulinzi Stars,Pass,,Robert Mudenyu,5546,,,Michael William,9/21/2025,Muranga Seal,Pass For Muranga Seal,secondhalf,48,8,,46-60,   
281,8979,Muranga Seal,Ulinzi Stars,Pass,,Victor Haki,11373,,,Michael William,9/21/2025,Muranga Seal,Pass For Muranga Seal,secondhalf,48,9,,46-60,   
282,8979,Muranga Seal,Ulinzi Stars,Pass,,Lucas Maina,9667,,,Michael William,9/21/2025,Muranga Seal,Pass For Muranga Seal,secondhalf,48,11,,46-60,   
283,8979,Muranga Seal,Ulinzi Stars,Pass,,Michael Owen,5525,,,Michael William,9/21/2025,Muranga Seal,Pass For Muranga Seal,secondhalf,48,12,,46-60,   
284,8979,Muranga Seal,Ulinzi Stars,Progress Pass,Complete,Joseph Omulama,15612,,,Michael William,9/21/2025,Muranga Seal,Progress Pass For Muranga Seal,secondhalf,48,22,,46-60,   
285,8979,Muranga Seal,Ulinzi Stars,Throw in,Normal,Lucas Maina,9667,,,Michael William,9/21/2025,Muranga Seal,Throw in For Muranga Seal,secondhalf,48,32,,46-60,   
286,8979,Muranga Seal,Ulinzi Stars,Ball,Opp lost,Victor Haki,11373,,,Michael William,9/21/2025,Muranga Seal,Ball For Muranga Seal,secondhalf,48,37,,46-60,   
287,8979,Muranga Seal,Ulinzi Stars,Aerial Duels,Won,Dennis Munyovu,5530,,,Michael William,9/21/2025,Muranga Seal,Aerial Duels For Muranga Seal,secondhalf,49,1,,46-60,   
288,8979,Muranga Seal,Ulinzi Stars,Foul,Committed,Lucas Maina,9667,,,Michael William,9/21/2025,Muranga Seal,Foul For Muranga Seal,secondhalf,49,6,,46-60,   
289,8979,Muranga Seal,Ulinzi Stars,Short GK,Complete,Mustapha Oduor,19422,,,Michael William,9/21/2025,Muranga Seal,Short GK For Muranga Seal,secondhalf,50,36,,46-60,   
290,8979,Muranga Seal,Ulinzi Stars,Pass,,Dennis Munyovu,5530,,,Michael William,9/21/2025,Muranga Seal,Pass For Muranga Seal,secondhalf,50,39,,46-60,   
291,8979,Muranga Seal,Ulinzi Stars,Pass,,Joseph Omulama,15612,,,Michael William,9/21/2025,Muranga Seal,Pass For Muranga Seal,secondhalf,50,43,,46-60,   
292,8979,Muranga Seal,Ulinzi Stars,Ball,Own lost,Jackson Imbiakha,19424,,,Michael William,9/21/2025,Muranga Seal,Ball For Muranga Seal,secondhalf,50,48,,46-60,   
293,8979,Muranga Seal,Ulinzi Stars,Pass,,Robert Mudenyu,5546,,,Michael William,9/21/2025,Muranga Seal,Pass For Muranga Seal,secondhalf,51,8,,46-60,   
294,8979,Muranga Seal,Ulinzi Stars,Pass,,Dennis Munyovu,5530,,,Michael William,9/21/2025,Muranga Seal,Pass For Muranga Seal,secondhalf,51,8,,46-60,   
295,8979,Muranga Seal,Ulinzi Stars,Incomplete Pass,,Victor Haki,11373,,,Michael William,9/21/2025,Muranga Seal,Incomplete Pass For Muranga Seal,secondhalf,51,14,,46-60,   
296,8979,Muranga Seal,Ulinzi Stars,Clearances,,Victor Haki,11373,,,Michael William,9/21/2025,Muranga Seal,Clearances For Muranga Seal,secondhalf,51,25,,46-60,   
297,8979,Muranga Seal,Ulinzi Stars,Pass,,Joseph Irungu Waithera,5527,,,Michael William,9/21/2025,Muranga Seal,Pass For Muranga Seal,secondhalf,51,27,,46-60,   
298,8979,Muranga Seal,Ulinzi Stars,Pass,,Joseph Omulama,15612,,,Michael William,9/21/2025,Muranga Seal,Pass For Muranga Seal,secondhalf,51,29,,46-60,   
299,8979,Muranga Seal,Ulinzi Stars,Ball,Own lost,Lucas Maina,9667,,,Michael William,9/21/2025,Muranga Seal,Ball For Muranga Seal,secondhalf,51,32,,46-60,   
300,8979,Muranga Seal,Ulinzi Stars,Pass,,Michael Macharia,11756,,,Michael William,9/21/2025,Muranga Seal,Pass For Muranga Seal,secondhalf,51,55,,46-60,   
301,8979,Muranga Seal,Ulinzi Stars,Pass,,Michael Owen,5525,,,Michael William,9/21/2025,Muranga Seal,Pass For Muranga Seal,secondhalf,51,55,,46-60,   
302,8979,Muranga Seal,Ulinzi Stars,Progress Pass,Incomplete,Victor Haki,11373,,,Michael William,9/21/2025,Muranga Seal,Progress Pass For Muranga Seal,secondhalf,52,0,,46-60,   
303,8979,Muranga Seal,Ulinzi Stars,Clearances,,Dennis Munyovu,5530,,,Michael William,9/21/2025,Muranga Seal,Clearances For Muranga Seal,secondhalf,52,10,,46-60,   
304,8979,Muranga Seal,Ulinzi Stars,Clearances,,Jackson Imbiakha,19424,,,Michael William,9/21/2025,Muranga Seal,Clearances For Muranga Seal,secondhalf,52,43,,46-60,   
305,8979,Muranga Seal,Ulinzi Stars,Pass,,Dennis Munyovu,5530,,,Michael William,9/21/2025,Muranga Seal,Pass For Muranga Seal,secondhalf,53,0,,46-60,   
306,8979,Muranga Seal,Ulinzi Stars,Pass,,Lucas Maina,9667,,,Michael William,9/21/2025,Muranga Seal,Pass For Muranga Seal,secondhalf,53,1,,46-60,   
307,8979,Muranga Seal,Ulinzi Stars,Pass,,Jackson Imbiakha,19424,,,Michael William,9/21/2025,Muranga Seal,Pass For Muranga Seal,secondhalf,53,4,,46-60,   
308,8979,Muranga Seal,Ulinzi Stars,Pass,,Michael Owen,5525,,,Michael William,9/21/2025,Muranga Seal,Pass For Muranga Seal,secondhalf,53,6,,46-60,   
309,8979,Muranga Seal,Ulinzi Stars,Pass,,Victor Haki,11373,,,Michael William,9/21/2025,Muranga Seal,Pass For Muranga Seal,secondhalf,53,8,,46-60,   
310,8979,Muranga Seal,Ulinzi Stars,Pass,,Michael Macharia,11756,,,Michael William,9/21/2025,Muranga Seal,Pass For Muranga Seal,secondhalf,53,13,,46-60,   
311,8979,Muranga Seal,Ulinzi Stars,Shot Out-box,Blocked,Jackson Imbiakha,19424,,,Michael William,9/21/2025,Muranga Seal,Shot Out-box For Muranga Seal,secondhalf,53,25,,46-60,   
312,8979,Muranga Seal,Ulinzi Stars,Pass,,Jackson Imbiakha,19424,,,Michael William,9/21/2025,Muranga Seal,Pass For Muranga Seal,secondhalf,53,26,,46-60,   
313,8979,Muranga Seal,Ulinzi Stars,Pass,,Michael Owen,5525,,,Michael William,9/21/2025,Muranga Seal,Pass For Muranga Seal,secondhalf,53,29,,46-60,   
314,8979,Muranga Seal,Ulinzi Stars,Incomplete Pass,,Victor Haki,11373,,,Michael William,9/21/2025,Muranga Seal,Incomplete Pass For Muranga Seal,secondhalf,53,31,,46-60,   
315,8979,Muranga Seal,Ulinzi Stars,Pass,,Joseph Omulama,15612,,,Michael William,9/21/2025,Muranga Seal,Pass For Muranga Seal,secondhalf,53,58,,46-60,   
316,8979,Muranga Seal,Ulinzi Stars,Pass,,Michael Macharia,11756,,,Michael William,9/21/2025,Muranga Seal,Pass For Muranga Seal,secondhalf,54,2,,46-60,   
317,8979,Muranga Seal,Ulinzi Stars,Pass,,Dennis Munyovu,5530,,,Michael William,9/21/2025,Muranga Seal,Pass For Muranga Seal,secondhalf,54,4,,46-60,   
318,8979,Muranga Seal,Ulinzi Stars,Ball,Opp lost,Lucas Maina,9667,,,Michael William,9/21/2025,Muranga Seal,Ball For Muranga Seal,secondhalf,54,8,,46-60,   
319,8979,Muranga Seal,Ulinzi Stars,Interceptions,Own half,Dennis Munyovu,5530,,,Michael William,9/21/2025,Muranga Seal,Interceptions For Muranga Seal,secondhalf,54,20,,46-60,   
320,8979,Muranga Seal,Ulinzi Stars,Pass,,Dennis Munyovu,5530,,,Michael William,9/21/2025,Muranga Seal,Pass For Muranga Seal,secondhalf,54,21,,46-60,   
321,8979,Muranga Seal,Ulinzi Stars,Pass,,Michael Owen,5525,,,Michael William,9/21/2025,Muranga Seal,Pass For Muranga Seal,secondhalf,54,22,,46-60,   
322,8979,Muranga Seal,Ulinzi Stars,Pass,,Victor Haki,11373,,,Michael William,9/21/2025,Muranga Seal,Pass For Muranga Seal,secondhalf,54,25,,46-60,   
323,8979,Muranga Seal,Ulinzi Stars,Pass,,Lucas Maina,9667,,,Michael William,9/21/2025,Muranga Seal,Pass For Muranga Seal,secondhalf,54,29,,46-60,   
324,8979,Muranga Seal,Ulinzi Stars,Cross Right,Incomplete,Victor Haki,11373,,,Michael William,9/21/2025,Muranga Seal,Cross Right For Muranga Seal,secondhalf,54,39,,46-60,   
325,8979,Muranga Seal,Ulinzi Stars,Offside,,Michael Macharia,11756,,,Michael William,9/21/2025,Muranga Seal,Offside For Muranga Seal,secondhalf,54,46,,46-60,   
326,8979,Muranga Seal,Ulinzi Stars,Interceptions,Own half,Francis Gethio,19423,,,Michael William,9/21/2025,Muranga Seal,Interceptions For Muranga Seal,secondhalf,55,17,,46-60,   
327,8979,Muranga Seal,Ulinzi Stars,Pass,,Francis Gethio,19423,,,Michael William,9/21/2025,Muranga Seal,Pass For Muranga Seal,secondhalf,55,18,,46-60,   
328,8979,Muranga Seal,Ulinzi Stars,Pass,,Joseph Irungu Waithera,5527,,,Michael William,9/21/2025,Muranga Seal,Pass For Muranga Seal,secondhalf,55,20,,46-60,   
329,8979,Muranga Seal,Ulinzi Stars,Pass,,Victor Haki,11373,,,Michael William,9/21/2025,Muranga Seal,Pass For Muranga Seal,secondhalf,55,27,,46-60,   
330,8979,Muranga Seal,Ulinzi Stars,Cross Right,Incomplete,Joseph Omulama,15612,,,Michael William,9/21/2025,Muranga Seal,Cross Right For Muranga Seal,secondhalf,55,34,,46-60,   
331,8979,Muranga Seal,Ulinzi Stars,Pass,,Francis Gethio,19423,,,Michael William,9/21/2025,Muranga Seal,Pass For Muranga Seal,secondhalf,55,56,,46-60,   
332,8979,Muranga Seal,Ulinzi Stars,Progress Pass,Complete,Michael Macharia,11756,,,Michael William,9/21/2025,Muranga Seal,Progress Pass For Muranga Seal,secondhalf,56,9,,46-60,   
333,8979,Muranga Seal,Ulinzi Stars,Ball,Opp lost,Joseph Irungu Waithera,5527,,,Michael William,9/21/2025,Muranga Seal,Ball For Muranga Seal,secondhalf,56,13,,46-60,   
334,8979,Muranga Seal,Ulinzi Stars,Substitute,,Michael Macharia,11756,Mark Mwaniki,19437,Michael William,9/21/2025,Muranga Seal,Substitute For Muranga Seal,secondhalf,56,38,,46-60,   
335,8979,Muranga Seal,Ulinzi Stars,Throw in,Normal,Francis Gethio,19423,,,Michael William,9/21/2025,Muranga Seal,Throw in For Muranga Seal,secondhalf,56,55,,46-60,   
336,8979,Muranga Seal,Ulinzi Stars,Ball,Own lost,Jackson Imbiakha,19424,,,Michael William,9/21/2025,Muranga Seal,Ball For Muranga Seal,secondhalf,56,59,,46-60,   
337,8979,Muranga Seal,Ulinzi Stars,Tackle,Won,Robert Mudenyu,5546,,,Michael William,9/21/2025,Muranga Seal,Tackle For Muranga Seal,secondhalf,57,12,,46-60,   
338,8979,Muranga Seal,Ulinzi Stars,Short GK,Complete,Mustapha Oduor,19422,,,Michael William,9/21/2025,Muranga Seal,Short GK For Muranga Seal,secondhalf,57,20,,46-60,   
339,8979,Muranga Seal,Ulinzi Stars,Pass,,Dennis Munyovu,5530,,,Michael William,9/21/2025,Muranga Seal,Pass For Muranga Seal,secondhalf,57,24,,46-60,   
340,8979,Muranga Seal,Ulinzi Stars,Pass,,Jackson Imbiakha,19424,,,Michael William,9/21/2025,Muranga Seal,Pass For Muranga Seal,secondhalf,57,25,,46-60,   
341,8979,Muranga Seal,Ulinzi Stars,Ball,Own lost,Lucas Maina,9667,,,Michael William,9/21/2025,Muranga Seal,Ball For Muranga Seal,secondhalf,57,31,,46-60,   
342,8979,Muranga Seal,Ulinzi Stars,Blocks,Cross,Dennis Munyovu,5530,,,Michael William,9/21/2025,Muranga Seal,Blocks For Muranga Seal,secondhalf,57,37,,46-60,   
343,8979,Muranga Seal,Ulinzi Stars,Pass,,Dennis Munyovu,5530,,,Michael William,9/21/2025,Muranga Seal,Pass For Muranga Seal,secondhalf,57,39,,46-60,   
344,8979,Muranga Seal,Ulinzi Stars,Pass,,Lucas Maina,9667,,,Michael William,9/21/2025,Muranga Seal,Pass For Muranga Seal,secondhalf,57,41,,46-60,   
345,8979,Muranga Seal,Ulinzi Stars,Pass,,Mark Mwaniki,19437,,,Michael William,9/21/2025,Muranga Seal,Pass For Muranga Seal,secondhalf,57,44,,46-60,   
346,8979,Muranga Seal,Ulinzi Stars,Incomplete Pass,,Jackson Imbiakha,19424,,,Michael William,9/21/2025,Muranga Seal,Incomplete Pass For Muranga Seal,secondhalf,57,48,,46-60,   
347,8979,Muranga Seal,Ulinzi Stars,Pass,,Joseph Omulama,15612,,,Michael William,9/21/2025,Muranga Seal,Pass For Muranga Seal,secondhalf,58,15,,46-60,   
348,8979,Muranga Seal,Ulinzi Stars,Pass,,Lucas Maina,9667,,,Michael William,9/21/2025,Muranga Seal,Pass For Muranga Seal,secondhalf,58,19,,46-60,   
349,8979,Muranga Seal,Ulinzi Stars,Incomplete Pass,,Jackson Imbiakha,19424,,,Michael William,9/21/2025,Muranga Seal,Incomplete Pass For Muranga Seal,secondhalf,58,22,,46-60,   
350,8979,Muranga Seal,Ulinzi Stars,Pass,,Dennis Munyovu,5530,,,Michael William,9/21/2025,Muranga Seal,Pass For Muranga Seal,secondhalf,58,41,,46-60,   
351,8979,Muranga Seal,Ulinzi Stars,Pass,,Lucas Maina,9667,,,Michael William,9/21/2025,Muranga Seal,Pass For Muranga Seal,secondhalf,58,43,,46-60,   
352,8979,Muranga Seal,Ulinzi Stars,Pass,,Victor Haki,11373,,,Michael William,9/21/2025,Muranga Seal,Pass For Muranga Seal,secondhalf,58,44,,46-60,   
353,8979,Muranga Seal,Ulinzi Stars,Pass,,Michael Owen,5525,,,Michael William,9/21/2025,Muranga Seal,Pass For Muranga Seal,secondhalf,58,46,,46-60,   
354,8979,Muranga Seal,Ulinzi Stars,Incomplete Pass,,Joseph Omulama,15612,,,Michael William,9/21/2025,Muranga Seal,Incomplete Pass For Muranga Seal,secondhalf,58,51,,46-60,   
355,8979,Muranga Seal,Ulinzi Stars,Clearances,,Robert Mudenyu,5546,,,Michael William,9/21/2025,Muranga Seal,Clearances For Muranga Seal,secondhalf,58,59,,46-60,   
356,8979,Muranga Seal,Ulinzi Stars,Clearances,,Dennis Munyovu,5530,,,Michael William,9/21/2025,Muranga Seal,Clearances For Muranga Seal,secondhalf,59,23,,46-60,   
357,8979,Muranga Seal,Ulinzi Stars,Long GK,Incomplete,Mustapha Oduor,19422,,,Michael William,9/21/2025,Muranga Seal,Long GK For Muranga Seal,secondhalf,62,2,,61-75,   
358,8979,Muranga Seal,Ulinzi Stars,Throw in,Normal,Joseph Omulama,15612,,,Michael William,9/21/2025,Muranga Seal,Throw in For Muranga Seal,secondhalf,62,21,,61-75,   
359,8979,Muranga Seal,Ulinzi Stars,Foul,Committed,Victor Haki,11373,,,Michael William,9/21/2025,Muranga Seal,Foul For Muranga Seal,secondhalf,62,34,,61-75,   
360,8979,Muranga Seal,Ulinzi Stars,Aerial Duels,Won,Joseph Omulama,15612,,,Michael William,9/21/2025,Muranga Seal,Aerial Duels For Muranga Seal,secondhalf,62,54,,61-75,   
361,8979,Muranga Seal,Ulinzi Stars,Pass,,Joseph Omulama,15612,,,Michael William,9/21/2025,Muranga Seal,Pass For Muranga Seal,secondhalf,62,56,,61-75,   
362,8979,Muranga Seal,Ulinzi Stars,Incomplete Pass,,Jackson Imbiakha,19424,,,Michael William,9/21/2025,Muranga Seal,Incomplete Pass For Muranga Seal,secondhalf,62,58,,61-75,   
363,8979,Muranga Seal,Ulinzi Stars,Ball,Own lost,Francis Gethio,19423,,,Michael William,9/21/2025,Muranga Seal,Ball For Muranga Seal,secondhalf,63,5,,61-75,   
364,8979,Muranga Seal,Ulinzi Stars,Blocks,Shot,Dennis Munyovu,5530,,,Michael William,9/21/2025,Muranga Seal,Blocks For Muranga Seal,secondhalf,63,25,,61-75,   
365,8979,Muranga Seal,Ulinzi Stars,Blocks,Shot,Dennis Munyovu,5530,,,Michael William,9/21/2025,Muranga Seal,Blocks For Muranga Seal,secondhalf,63,29,,61-75,   
366,8979,Muranga Seal,Ulinzi Stars,Pass,,Mark Mwaniki,19437,,,Michael William,9/21/2025,Muranga Seal,Pass For Muranga Seal,secondhalf,63,31,,61-75,   
367,8979,Muranga Seal,Ulinzi Stars,Clearances,,Dennis Munyovu,5530,,,Michael William,9/21/2025,Muranga Seal,Clearances For Muranga Seal,secondhalf,63,33,,61-75,   
368,8979,Muranga Seal,Ulinzi Stars,Pass,,Francis Gethio,19423,,,Michael William,9/21/2025,Muranga Seal,Pass For Muranga Seal,secondhalf,63,51,,61-75,   
369,8979,Muranga Seal,Ulinzi Stars,Incomplete Pass,,Mustapha Oduor,19422,,,Michael William,9/21/2025,Muranga Seal,Incomplete Pass For Muranga Seal,secondhalf,63,54,,61-75,   
370,8979,Muranga Seal,Ulinzi Stars,Offside,,Joseph Irungu Waithera,5527,,,Michael William,9/21/2025,Muranga Seal,Offside For Muranga Seal,secondhalf,64,3,,61-75,   
371,8979,Muranga Seal,Ulinzi Stars,Foul,Committed,Michael Owen,5525,,,Michael William,9/21/2025,Muranga Seal,Foul For Muranga Seal,secondhalf,64,28,,61-75,   
372,8979,Muranga Seal,Ulinzi Stars,Clearances,,Dennis Munyovu,5530,,,Michael William,9/21/2025,Muranga Seal,Clearances For Muranga Seal,secondhalf,64,53,,61-75,   
373,8979,Muranga Seal,Ulinzi Stars,Substitute,,Jackson Imbiakha,19424,Thadeas Pkemoi,19432,Michael William,9/21/2025,Muranga Seal,Substitute For Muranga Seal,secondhalf,65,13,,61-75,   
374,8979,Muranga Seal,Ulinzi Stars,Claims,Miss,Mustapha Oduor,19422,,,Michael William,9/21/2025,Muranga Seal,Claims For Muranga Seal,secondhalf,65,35,,61-75,   
375,8979,Muranga Seal,Ulinzi Stars,Short GK,Complete,Mustapha Oduor,19422,,,Michael William,9/21/2025,Muranga Seal,Short GK For Muranga Seal,secondhalf,65,47,,61-75,   
376,8979,Muranga Seal,Ulinzi Stars,Pass,,Robert Mudenyu,5546,,,Michael William,9/21/2025,Muranga Seal,Pass For Muranga Seal,secondhalf,65,50,,61-75,   
377,8979,Muranga Seal,Ulinzi Stars,Pass,,Victor Haki,11373,,,Michael William,9/21/2025,Muranga Seal,Pass For Muranga Seal,secondhalf,65,51,,61-75,   
378,8979,Muranga Seal,Ulinzi Stars,Pass,,Thadeas Pkemoi,19432,,,Michael William,9/21/2025,Muranga Seal,Pass For Muranga Seal,secondhalf,65,52,,61-75,   
379,8979,Muranga Seal,Ulinzi Stars,Pass,,Victor Haki,11373,,,Michael William,9/21/2025,Muranga Seal,Pass For Muranga Seal,secondhalf,65,54,,61-75,   
380,8979,Muranga Seal,Ulinzi Stars,Pass,,Francis Gethio,19423,,,Michael William,9/21/2025,Muranga Seal,Pass For Muranga Seal,secondhalf,65,56,,61-75,   
381,8979,Muranga Seal,Ulinzi Stars,Pass,,Lucas Maina,9667,,,Michael William,9/21/2025,Muranga Seal,Pass For Muranga Seal,secondhalf,65,57,,61-75,   
382,8979,Muranga Seal,Ulinzi Stars,Pass,,Joseph Irungu Waithera,5527,,,Michael William,9/21/2025,Muranga Seal,Pass For Muranga Seal,secondhalf,65,59,,61-75,   
383,8979,Muranga Seal,Ulinzi Stars,Throw in,Normal,Lucas Maina,9667,,,Michael William,9/21/2025,Muranga Seal,Throw in For Muranga Seal,secondhalf,66,9,,61-75,   
384,8979,Muranga Seal,Ulinzi Stars,Pass,,Francis Gethio,19423,,,Michael William,9/21/2025,Muranga Seal,Pass For Muranga Seal,secondhalf,66,12,,61-75,   
385,8979,Muranga Seal,Ulinzi Stars,Pass,,Mustapha Oduor,19422,,,Michael William,9/21/2025,Muranga Seal,Pass For Muranga Seal,secondhalf,66,15,,61-75,   
386,8979,Muranga Seal,Ulinzi Stars,Incomplete Pass,,Robert Mudenyu,5546,,,Michael William,9/21/2025,Muranga Seal,Incomplete Pass For Muranga Seal,secondhalf,66,22,,61-75,   
387,8979,Muranga Seal,Ulinzi Stars,Throw in,Normal,Francis Gethio,19423,,,Michael William,9/21/2025,Muranga Seal,Throw in For Muranga Seal,secondhalf,66,33,,61-75,   
388,8979,Muranga Seal,Ulinzi Stars,Pass,,Thadeas Pkemoi,19432,,,Michael William,9/21/2025,Muranga Seal,Pass For Muranga Seal,secondhalf,66,35,,61-75,   
389,8979,Muranga Seal,Ulinzi Stars,Pass,,Victor Haki,11373,,,Michael William,9/21/2025,Muranga Seal,Pass For Muranga Seal,secondhalf,66,38,,61-75,   
390,8979,Muranga Seal,Ulinzi Stars,Dribbles,Complete,Joseph Irungu Waithera,5527,,,Michael William,9/21/2025,Muranga Seal,Dribbles For Muranga Seal,secondhalf,66,48,,61-75,   
391,8979,Muranga Seal,Ulinzi Stars,Shot Out-box,On Target,Joseph Irungu Waithera,5527,,,Michael William,9/21/2025,Muranga Seal,Shot Out-box For Muranga Seal,secondhalf,66,52,,61-75,   
392,8979,Muranga Seal,Ulinzi Stars,Corner,Inswinging,Lucas Maina,9667,,,Michael William,9/21/2025,Muranga Seal,Corner For Muranga Seal,secondhalf,67,15,,61-75,   
393,8979,Muranga Seal,Ulinzi Stars,Ball,Opp won,Joseph Irungu Waithera,5527,,,Michael William,9/21/2025,Muranga Seal,Ball For Muranga Seal,secondhalf,67,35,,61-75,   
394,8979,Muranga Seal,Ulinzi Stars,Pass,,Joseph Irungu Waithera,5527,,,Michael William,9/21/2025,Muranga Seal,Pass For Muranga Seal,secondhalf,67,40,,61-75,   
395,8979,Muranga Seal,Ulinzi Stars,Cross Left,Complete,Lucas Maina,9667,,,Michael William,9/21/2025,Muranga Seal,Cross Left For Muranga Seal,secondhalf,67,48,,61-75,   
396,8979,Muranga Seal,Ulinzi Stars,Pass,,Joseph Omulama,15612,,,Michael William,9/21/2025,Muranga Seal,Pass For Muranga Seal,secondhalf,67,54,,61-75,   
397,8979,Muranga Seal,Ulinzi Stars,Incomplete Pass,,Mark Mwaniki,19437,,,Michael William,9/21/2025,Muranga Seal,Incomplete Pass For Muranga Seal,secondhalf,67,57,,61-75,   
398,8979,Muranga Seal,Ulinzi Stars,Pass,,Robert Mudenyu,5546,,,Michael William,9/21/2025,Muranga Seal,Pass For Muranga Seal,secondhalf,68,13,,61-75,   
399,8979,Muranga Seal,Ulinzi Stars,Pass,,Michael Owen,5525,,,Michael William,9/21/2025,Muranga Seal,Pass For Muranga Seal,secondhalf,68,19,,61-75,   
400,8979,Muranga Seal,Ulinzi Stars,Pass,,Victor Haki,11373,,,Michael William,9/21/2025,Muranga Seal,Pass For Muranga Seal,secondhalf,68,25,,61-75,   
401,8979,Muranga Seal,Ulinzi Stars,Incomplete Pass,,Lucas Maina,9667,,,Michael William,9/21/2025,Muranga Seal,Incomplete Pass For Muranga Seal,secondhalf,68,30,,61-75,   
402,8979,Muranga Seal,Ulinzi Stars,Throw-out,Complete,Mustapha Oduor,19422,,,Michael William,9/21/2025,Muranga Seal,Throw-out For Muranga Seal,secondhalf,68,52,,61-75,   
403,8979,Muranga Seal,Ulinzi Stars,Pass,,Mark Mwaniki,19437,,,Michael William,9/21/2025,Muranga Seal,Pass For Muranga Seal,secondhalf,68,53,,61-75,   
404,8979,Muranga Seal,Ulinzi Stars,Pass,,Michael Owen,5525,,,Michael William,9/21/2025,Muranga Seal,Pass For Muranga Seal,secondhalf,68,55,,61-75,   
405,8979,Muranga Seal,Ulinzi Stars,Pass,,Robert Mudenyu,5546,,,Michael William,9/21/2025,Muranga Seal,Pass For Muranga Seal,secondhalf,68,56,,61-75,   
406,8979,Muranga Seal,Ulinzi Stars,Progress Pass,Incomplete,Francis Gethio,19423,,,Michael William,9/21/2025,Muranga Seal,Progress Pass For Muranga Seal,secondhalf,69,1,,61-75,   
407,8979,Muranga Seal,Ulinzi Stars,Tackle,Lost,Robert Mudenyu,5546,,,Michael William,9/21/2025,Muranga Seal,Tackle For Muranga Seal,secondhalf,69,12,,61-75,   
408,8979,Muranga Seal,Ulinzi Stars,Interceptions,Own half,Thadeas Pkemoi,19432,,,Michael William,9/21/2025,Muranga Seal,Interceptions For Muranga Seal,secondhalf,69,18,,61-75,   
409,8979,Muranga Seal,Ulinzi Stars,Pass,,Thadeas Pkemoi,19432,,,Michael William,9/21/2025,Muranga Seal,Pass For Muranga Seal,secondhalf,69,20,,61-75,   
410,8979,Muranga Seal,Ulinzi Stars,Incomplete Pass,,Victor Haki,11373,,,Michael William,9/21/2025,Muranga Seal,Incomplete Pass For Muranga Seal,secondhalf,69,22,,61-75,   
411,8979,Muranga Seal,Ulinzi Stars,Pass,,Dennis Munyovu,5530,,,Michael William,9/21/2025,Muranga Seal,Pass For Muranga Seal,secondhalf,69,55,,61-75,   
412,8979,Muranga Seal,Ulinzi Stars,Foul,Won 2/3,Michael Owen,5525,,,Michael William,9/21/2025,Muranga Seal,Foul For Muranga Seal,secondhalf,69,59,,61-75,   
413,8979,Muranga Seal,Ulinzi Stars,Freekick,Taker 2/3,Dennis Munyovu,5530,,,Michael William,9/21/2025,Muranga Seal,Freekick For Muranga Seal,secondhalf,70,12,,61-75,   
414,8979,Muranga Seal,Ulinzi Stars,Throw in,Normal,Joseph Omulama,15612,,,Michael William,9/21/2025,Muranga Seal,Throw in For Muranga Seal,secondhalf,70,38,,61-75,   
415,8979,Muranga Seal,Ulinzi Stars,Chance,Throw-in,Joseph Omulama,15612,,,Michael William,9/21/2025,Muranga Seal,Chance For Muranga Seal,secondhalf,70,47,,61-75,   
416,8979,Muranga Seal,Ulinzi Stars,Shot Out-box,Off Target,Mark Mwaniki,19437,,,Michael William,9/21/2025,Muranga Seal,Shot Out-box For Muranga Seal,secondhalf,70,52,,61-75,   
417,8979,Muranga Seal,Ulinzi Stars,Throw in,Normal,Francis Gethio,19423,,,Michael William,9/21/2025,Muranga Seal,Throw in For Muranga Seal,secondhalf,71,9,,61-75,   
418,8979,Muranga Seal,Ulinzi Stars,Pass,,Thadeas Pkemoi,19432,,,Michael William,9/21/2025,Muranga Seal,Pass For Muranga Seal,secondhalf,71,14,,61-75,   
419,8979,Muranga Seal,Ulinzi Stars,Pass,,Francis Gethio,19423,,,Michael William,9/21/2025,Muranga Seal,Pass For Muranga Seal,secondhalf,71,17,,61-75,   
420,8979,Muranga Seal,Ulinzi Stars,Pass,,Lucas Maina,9667,,,Michael William,9/21/2025,Muranga Seal,Pass For Muranga Seal,secondhalf,71,18,,61-75,   
421,8979,Muranga Seal,Ulinzi Stars,Pass,,Victor Haki,11373,,,Michael William,9/21/2025,Muranga Seal,Pass For Muranga Seal,secondhalf,71,29,,61-75,   
422,8979,Muranga Seal,Ulinzi Stars,Pass,,Lucas Maina,9667,,,Michael William,9/21/2025,Muranga Seal,Pass For Muranga Seal,secondhalf,71,44,,61-75,   
423,8979,Muranga Seal,Ulinzi Stars,Shot In-box,Off Target,Joseph Irungu Waithera,5527,,,Michael William,9/21/2025,Muranga Seal,Shot In-box For Muranga Seal,secondhalf,71,56,,61-75,   
424,8979,Muranga Seal,Ulinzi Stars,Box Touch,,Joseph Irungu Waithera,5527,,,Michael William,9/21/2025,Muranga Seal,Box Touch For Muranga Seal,secondhalf,71,56,,61-75,   
425,8979,Muranga Seal,Ulinzi Stars,Pass,,Joseph Omulama,15612,,,Michael William,9/21/2025,Muranga Seal,Pass For Muranga Seal,secondhalf,71,59,,61-75,   
426,8979,Muranga Seal,Ulinzi Stars,Clearances,,Robert Mudenyu,5546,,,Michael William,9/21/2025,Muranga Seal,Clearances For Muranga Seal,secondhalf,74,0,,61-75,   
427,8979,Muranga Seal,Ulinzi Stars,Clearances,,Victor Haki,11373,,,Michael William,9/21/2025,Muranga Seal,Clearances For Muranga Seal,secondhalf,74,17,,61-75,   
428,8979,Muranga Seal,Ulinzi Stars,Clearances,,Michael Owen,5525,,,Michael William,9/21/2025,Muranga Seal,Clearances For Muranga Seal,secondhalf,74,20,,61-75,   
429,8979,Muranga Seal,Ulinzi Stars,Throw-out,Complete,Mustapha Oduor,19422,,,Michael William,9/21/2025,Muranga Seal,Throw-out For Muranga Seal,secondhalf,74,48,,61-75,   
430,8979,Muranga Seal,Ulinzi Stars,Incomplete Pass,,Dennis Munyovu,5530,,,Michael William,9/21/2025,Muranga Seal,Incomplete Pass For Muranga Seal,secondhalf,74,57,,61-75,   
431,8979,Muranga Seal,Ulinzi Stars,Throw-out,Complete,Mustapha Oduor,19422,,,Michael William,9/21/2025,Muranga Seal,Throw-out For Muranga Seal,secondhalf,75,13,,61-75,   
432,8979,Muranga Seal,Ulinzi Stars,Pass,,Dennis Munyovu,5530,,,Michael William,9/21/2025,Muranga Seal,Pass For Muranga Seal,secondhalf,75,18,,61-75,   
433,8979,Muranga Seal,Ulinzi Stars,Progress Pass,Incomplete,Victor Haki,11373,,,Michael William,9/21/2025,Muranga Seal,Progress Pass For Muranga Seal,secondhalf,75,38,,61-75,   
434,8979,Muranga Seal,Ulinzi Stars,Foul,Committed,Joseph Omulama,15612,,,Michael William,9/21/2025,Muranga Seal,Foul For Muranga Seal,secondhalf,75,41,,61-75,   
435,8979,Muranga Seal,Ulinzi Stars,Throw in,Normal,Joseph Omulama,15612,,,Michael William,9/21/2025,Muranga Seal,Throw in For Muranga Seal,secondhalf,76,6,,76-90,   
436,8979,Muranga Seal,Ulinzi Stars,Ball,Opp lost,Lucas Maina,9667,,,Michael William,9/21/2025,Muranga Seal,Ball For Muranga Seal,secondhalf,76,9,,76-90,   
437,8979,Muranga Seal,Ulinzi Stars,Incomplete Pass,,Robert Mudenyu,5546,,,Michael William,9/21/2025,Muranga Seal,Incomplete Pass For Muranga Seal,secondhalf,76,25,,76-90,   
438,8979,Muranga Seal,Ulinzi Stars,Short GK,Complete,Mustapha Oduor,19422,,,Michael William,9/21/2025,Muranga Seal,Short GK For Muranga Seal,secondhalf,76,44,,76-90,   
439,8979,Muranga Seal,Ulinzi Stars,Incomplete Pass,,Robert Mudenyu,5546,,,Michael William,9/21/2025,Muranga Seal,Incomplete Pass For Muranga Seal,secondhalf,76,48,,76-90,   
440,8979,Muranga Seal,Ulinzi Stars,Pass,,Dennis Munyovu,5530,,,Michael William,9/21/2025,Muranga Seal,Pass For Muranga Seal,secondhalf,77,8,,76-90,   
441,8979,Muranga Seal,Ulinzi Stars,Incomplete Pass,,Mustapha Oduor,19422,,,Michael William,9/21/2025,Muranga Seal,Incomplete Pass For Muranga Seal,secondhalf,77,12,,76-90,   
442,8979,Muranga Seal,Ulinzi Stars,Pass,,Victor Haki,11373,,,Michael William,9/21/2025,Muranga Seal,Pass For Muranga Seal,secondhalf,77,15,,76-90,   
443,8979,Muranga Seal,Ulinzi Stars,Progress Pass,Complete,Mark Mwaniki,19437,,,Michael William,9/21/2025,Muranga Seal,Progress Pass For Muranga Seal,secondhalf,77,27,,76-90,   
444,8979,Muranga Seal,Ulinzi Stars,Cross Left,Incomplete,Victor Haki,11373,,,Michael William,9/21/2025,Muranga Seal,Cross Left For Muranga Seal,secondhalf,77,35,,76-90,   
445,8979,Muranga Seal,Ulinzi Stars,Corner,Inswinging,Lucas Maina,9667,,,Michael William,9/21/2025,Muranga Seal,Corner For Muranga Seal,secondhalf,78,59,,76-90,   
446,8979,Muranga Seal,Ulinzi Stars,Cross Right,Incomplete,Dennis Munyovu,5530,,,Michael William,9/21/2025,Muranga Seal,Cross Right For Muranga Seal,secondhalf,79,13,,76-90,   
447,8979,Muranga Seal,Ulinzi Stars,Foul,Committed,Thadeas Pkemoi,19432,,,Michael William,9/21/2025,Muranga Seal,Foul For Muranga Seal,secondhalf,79,18,,76-90,   
448,8979,Muranga Seal,Ulinzi Stars,Card,Yellow,Thadeas Pkemoi,19432,,,Michael William,9/21/2025,Muranga Seal,Card For Muranga Seal,secondhalf,79,33,,76-90,   
449,8979,Muranga Seal,Ulinzi Stars,Incomplete Pass,,Dennis Munyovu,5530,,,Michael William,9/21/2025,Muranga Seal,Incomplete Pass For Muranga Seal,secondhalf,80,38,,76-90,   
450,8979,Muranga Seal,Ulinzi Stars,Claims,Punch,Mustapha Oduor,19422,,,Michael William,9/21/2025,Muranga Seal,Claims For Muranga Seal,secondhalf,80,53,,76-90,   
451,8979,Muranga Seal,Ulinzi Stars,Foul,Won 2/3,Thadeas Pkemoi,19432,,,Michael William,9/21/2025,Muranga Seal,Foul For Muranga Seal,secondhalf,81,14,,76-90,   
452,8979,Muranga Seal,Ulinzi Stars,Freekick,Taker 2/3,Mustapha Oduor,19422,,,Michael William,9/21/2025,Muranga Seal,Freekick For Muranga Seal,secondhalf,81,20,,76-90,   
453,8979,Muranga Seal,Ulinzi Stars,Pass,,Joseph Omulama,15612,,,Michael William,9/21/2025,Muranga Seal,Pass For Muranga Seal,secondhalf,82,7,,76-90,   
454,8979,Muranga Seal,Ulinzi Stars,Pass,,Victor Haki,11373,,,Michael William,9/21/2025,Muranga Seal,Pass For Muranga Seal,secondhalf,82,7,,76-90,   
455,8979,Muranga Seal,Ulinzi Stars,Ball,Own lost,Michael Owen,5525,,,Michael William,9/21/2025,Muranga Seal,Ball For Muranga Seal,secondhalf,82,11,,76-90,   
456,8979,Muranga Seal,Ulinzi Stars,Pass,,Robert Mudenyu,5546,,,Michael William,9/21/2025,Muranga Seal,Pass For Muranga Seal,secondhalf,82,27,,76-90,   
457,8979,Muranga Seal,Ulinzi Stars,Foul,Committed,Joseph Irungu Waithera,5527,,,Michael William,9/21/2025,Muranga Seal,Foul For Muranga Seal,secondhalf,82,31,,76-90,   
458,8979,Muranga Seal,Ulinzi Stars,Interceptions,Own half,Robert Mudenyu,5546,,,Michael William,9/21/2025,Muranga Seal,Interceptions For Muranga Seal,secondhalf,82,44,,76-90,   
459,8979,Muranga Seal,Ulinzi Stars,Pass,,Robert Mudenyu,5546,,,Michael William,9/21/2025,Muranga Seal,Pass For Muranga Seal,secondhalf,82,45,,76-90,   
460,8979,Muranga Seal,Ulinzi Stars,Incomplete Pass,,Victor Haki,11373,,,Michael William,9/21/2025,Muranga Seal,Incomplete Pass For Muranga Seal,secondhalf,82,48,,76-90,   
461,8979,Muranga Seal,Ulinzi Stars,Dribbles,Incomplete,Mark Mwaniki,19437,,,Michael William,9/21/2025,Muranga Seal,Dribbles For Muranga Seal,secondhalf,83,7,,76-90,   
462,8979,Muranga Seal,Ulinzi Stars,Ball,Own won,Dennis Munyovu,5530,,,Michael William,9/21/2025,Muranga Seal,Ball For Muranga Seal,secondhalf,83,46,,76-90,   
463,8979,Muranga Seal,Ulinzi Stars,Incomplete Pass,,Dennis Munyovu,5530,,,Michael William,9/21/2025,Muranga Seal,Incomplete Pass For Muranga Seal,secondhalf,83,49,,76-90,   
464,8979,Muranga Seal,Ulinzi Stars,Pass,,Victor Haki,11373,,,Michael William,9/21/2025,Muranga Seal,Pass For Muranga Seal,secondhalf,83,51,,76-90,   
465,8979,Muranga Seal,Ulinzi Stars,Pass,,Thadeas Pkemoi,19432,,,Michael William,9/21/2025,Muranga Seal,Pass For Muranga Seal,secondhalf,83,53,,76-90,   
466,8979,Muranga Seal,Ulinzi Stars,Pass,,Mark Mwaniki,19437,,,Michael William,9/21/2025,Muranga Seal,Pass For Muranga Seal,secondhalf,84,2,,76-90,   
467,8979,Muranga Seal,Ulinzi Stars,Ball,Opp lost,Lucas Maina,9667,,,Michael William,9/21/2025,Muranga Seal,Ball For Muranga Seal,secondhalf,84,8,,76-90,   
468,8979,Muranga Seal,Ulinzi Stars,Pass,,Robert Mudenyu,5546,,,Michael William,9/21/2025,Muranga Seal,Pass For Muranga Seal,secondhalf,84,13,,76-90,   
469,8979,Muranga Seal,Ulinzi Stars,Pass,,Mark Mwaniki,19437,,,Michael William,9/21/2025,Muranga Seal,Pass For Muranga Seal,secondhalf,84,16,,76-90,   
470,8979,Muranga Seal,Ulinzi Stars,Incomplete Pass,,Lucas Maina,9667,,,Michael William,9/21/2025,Muranga Seal,Incomplete Pass For Muranga Seal,secondhalf,84,21,,76-90,   
471,8979,Muranga Seal,Ulinzi Stars,Progress Pass,Complete,Lucas Maina,9667,,,Michael William,9/21/2025,Muranga Seal,Progress Pass For Muranga Seal,secondhalf,84,53,,76-90,   
472,8979,Muranga Seal,Ulinzi Stars,Pass,,Victor Haki,11373,,,Michael William,9/21/2025,Muranga Seal,Pass For Muranga Seal,secondhalf,84,59,,76-90,   
473,8979,Muranga Seal,Ulinzi Stars,Progress Pass,Complete,Thadeas Pkemoi,19432,,,Michael William,9/21/2025,Muranga Seal,Progress Pass For Muranga Seal,secondhalf,85,8,,76-90,   
474,8979,Muranga Seal,Ulinzi Stars,Ball,Opp lost,Joseph Irungu Waithera,5527,,,Michael William,9/21/2025,Muranga Seal,Ball For Muranga Seal,secondhalf,85,11,,76-90,   
475,8979,Muranga Seal,Ulinzi Stars,Foul,Committed,Victor Haki,11373,,,Michael William,9/21/2025,Muranga Seal,Foul For Muranga Seal,secondhalf,85,25,,76-90,   
476,8979,Muranga Seal,Ulinzi Stars,Run-outs,Successfully,Mustapha Oduor,19422,,,Michael William,9/21/2025,Muranga Seal,Run-outs For Muranga Seal,secondhalf,85,41,,76-90,   
477,8979,Muranga Seal,Ulinzi Stars,Throw-out,Complete,Mustapha Oduor,19422,,,Michael William,9/21/2025,Muranga Seal,Throw-out For Muranga Seal,secondhalf,85,46,,76-90,   
478,8979,Muranga Seal,Ulinzi Stars,Pass,,Robert Mudenyu,5546,,,Michael William,9/21/2025,Muranga Seal,Pass For Muranga Seal,secondhalf,85,47,,76-90,   
479,8979,Muranga Seal,Ulinzi Stars,Pass,,Lucas Maina,9667,,,Michael William,9/21/2025,Muranga Seal,Pass For Muranga Seal,secondhalf,85,50,,76-90,   
480,8979,Muranga Seal,Ulinzi Stars,Ball,Opp lost,Joseph Irungu Waithera,5527,,,Michael William,9/21/2025,Muranga Seal,Ball For Muranga Seal,secondhalf,85,53,,76-90,   
481,8979,Muranga Seal,Ulinzi Stars,Substitute,,Victor Haki,11373,Paul Osama,19436,Michael William,9/21/2025,Muranga Seal,Substitute For Muranga Seal,secondhalf,87,52,,76-90,   
482,8979,Muranga Seal,Ulinzi Stars,Pass,,Joseph Omulama,15612,,,Michael William,9/21/2025,Muranga Seal,Pass For Muranga Seal,secondhalf,87,58,,76-90,   
483,8979,Muranga Seal,Ulinzi Stars,Pass,,Michael Owen,5525,,,Michael William,9/21/2025,Muranga Seal,Pass For Muranga Seal,secondhalf,87,59,,76-90,   
484,8979,Muranga Seal,Ulinzi Stars,Pass,,Joseph Omulama,15612,,,Michael William,9/21/2025,Muranga Seal,Pass For Muranga Seal,secondhalf,88,3,,76-90,   
485,8979,Muranga Seal,Ulinzi Stars,Ball,Own lost,Paul Osama,19436,,,Michael William,9/21/2025,Muranga Seal,Ball For Muranga Seal,secondhalf,88,9,,76-90,   
486,8979,Muranga Seal,Ulinzi Stars,Clearances,,Michael Owen,5525,,,Michael William,9/21/2025,Muranga Seal,Clearances For Muranga Seal,secondhalf,88,18,,76-90,   
487,8979,Muranga Seal,Ulinzi Stars,Pass,,Robert Mudenyu,5546,,,Michael William,9/21/2025,Muranga Seal,Pass For Muranga Seal,secondhalf,88,41,,76-90,   
488,8979,Muranga Seal,Ulinzi Stars,Ball,Own lost,Mark Mwaniki,19437,,,Michael William,9/21/2025,Muranga Seal,Ball For Muranga Seal,secondhalf,88,46,,76-90,   
489,8979,Muranga Seal,Ulinzi Stars,Clearances,,Robert Mudenyu,5546,,,Michael William,9/21/2025,Muranga Seal,Clearances For Muranga Seal,secondhalf,88,53,,76-90,   
490,8979,Muranga Seal,Ulinzi Stars,Goal Conceded,Corner,Mustapha Oduor,19422,,,Michael William,9/21/2025,Muranga Seal,Goal Conceded For Muranga Seal,secondhalf,90,0,,76-90,   
491,8979,Muranga Seal,Ulinzi Stars,Pass,,Lucas Maina,9667,,,Michael William,9/21/2025,Muranga Seal,Pass For Muranga Seal,secondhalf,90,52,,76-90,   
492,8979,Muranga Seal,Ulinzi Stars,Progress Pass,Incomplete,Michael Owen,5525,,,Michael William,9/21/2025,Muranga Seal,Progress Pass For Muranga Seal,secondhalf,91,0,,76-90,   
493,8979,Muranga Seal,Ulinzi Stars,Throw in,Normal,Joseph Omulama,15612,,,Michael William,9/21/2025,Muranga Seal,Throw in For Muranga Seal,secondhalf,91,11,,76-90,   
494,8979,Muranga Seal,Ulinzi Stars,Throw in,Normal,Joseph Omulama,15612,,,Michael William,9/21/2025,Muranga Seal,Throw in For Muranga Seal,secondhalf,91,21,,76-90,   
495,8979,Muranga Seal,Ulinzi Stars,Pass,,Thadeas Pkemoi,19432,,,Michael William,9/21/2025,Muranga Seal,Pass For Muranga Seal,secondhalf,91,23,,76-90,   
496,8979,Muranga Seal,Ulinzi Stars,Pass,,Paul Osama,19436,,,Michael William,9/21/2025,Muranga Seal,Pass For Muranga Seal,secondhalf,91,31,,76-90,   
497,8979,Muranga Seal,Ulinzi Stars,Ball,Opp lost,Thadeas Pkemoi,19432,,,Michael William,9/21/2025,Muranga Seal,Ball For Muranga Seal,secondhalf,91,35,,76-90,   
498,8979,Muranga Seal,Ulinzi Stars,Blocks,Shot,Robert Mudenyu,5546,,,Michael William,9/21/2025,Muranga Seal,Blocks For Muranga Seal,secondhalf,91,51,,76-90,   
499,8979,Muranga Seal,Ulinzi Stars,Pass,,Mark Mwaniki,19437,,,Michael William,9/21/2025,Muranga Seal,Pass For Muranga Seal,secondhalf,91,55,,76-90,   
500,8979,Muranga Seal,Ulinzi Stars,Pass,,Lucas Maina,9667,,,Michael William,9/21/2025,Muranga Seal,Pass For Muranga Seal,secondhalf,91,57,,76-90,   
501,8979,Muranga Seal,Ulinzi Stars,Pass,,Michael Owen,5525,,,Michael William,9/21/2025,Muranga Seal,Pass For Muranga Seal,secondhalf,92,52,,76-90,   
502,8979,Muranga Seal,Ulinzi Stars,Pass,,Mustapha Oduor,19422,,,Michael William,9/21/2025,Muranga Seal,Pass For Muranga Seal,secondhalf,92,56,,76-90,   
503,8979,Muranga Seal,Ulinzi Stars,Foul,Won 2/3,Dennis Munyovu,5530,,,Michael William,9/21/2025,Muranga Seal,Foul For Muranga Seal,secondhalf,93,11,,76-90,   
504,8979,Muranga Seal,Ulinzi Stars,Freekick,Taker 2/3,Dennis Munyovu,5530,,,Michael William,9/21/2025,Muranga Seal,Freekick For Muranga Seal,secondhalf,93,27,,76-90,   
505,8979,Muranga Seal,Ulinzi Stars,Clearances,,Joseph Omulama,15612,,,Michael William,9/21/2025,Muranga Seal,Clearances For Muranga Seal,secondhalf,93,50,,76-90,   
506,8979,Muranga Seal,Ulinzi Stars,Clearances,,Dennis Munyovu,5530,,,Michael William,9/21/2025,Muranga Seal,Clearances For Muranga Seal,secondhalf,94,29,,76-90,   
507,8979,Muranga Seal,Ulinzi Stars,Long GK,Incomplete,Mustapha Oduor,19422,,,Michael William,9/21/2025,Muranga Seal,Long GK For Muranga Seal,secondhalf,95,1,,76-90,   